-- phpMyAdmin SQL Dump
-- version 5.0.1
-- https://www.phpmyadmin.net/
--
-- Host: 127.0.0.1
-- Generation Time: May 12, 2020 at 11:52 AM
-- Server version: 10.4.11-MariaDB
-- PHP Version: 7.4.1

SET SQL_MODE = "NO_AUTO_VALUE_ON_ZERO";
SET AUTOCOMMIT = 0;
START TRANSACTION;
SET time_zone = "+00:00";


/*!40101 SET @OLD_CHARACTER_SET_CLIENT=@@CHARACTER_SET_CLIENT */;
/*!40101 SET @OLD_CHARACTER_SET_RESULTS=@@CHARACTER_SET_RESULTS */;
/*!40101 SET @OLD_COLLATION_CONNECTION=@@COLLATION_CONNECTION */;
/*!40101 SET NAMES utf8mb4 */;

--
-- Database: `pharmacy`
--
CREATE DATABASE IF NOT EXISTS `pharmacy` DEFAULT CHARACTER SET utf8mb4 COLLATE utf8mb4_general_ci;
USE `pharmacy`;

-- --------------------------------------------------------

--
-- Table structure for table `invoice`
--

CREATE TABLE `invoice` (
  `inv_id` varchar(10) NOT NULL,
  `cust_name` varchar(20) NOT NULL,
  `served_by` varchar(20) DEFAULT NULL,
  `status` varchar(10) DEFAULT NULL,
  `date` date DEFAULT NULL
) ENGINE=InnoDB DEFAULT CHARSET=utf8mb4;

--
-- Dumping data for table `invoice`
--

INSERT INTO `invoice` (`inv_id`, `cust_name`, `served_by`, `status`, `date`) VALUES
('inv-00rr', 'Savana', 's7', 'paid', '2015-05-08'),
('inv-0apq', 'Grace', 's7', 'paid', '2017-12-25'),
('inv-0i2n', 'Audrey', 's4', 'paid', '2015-05-05'),
('inv-0iqm', 'Tony', 's6', 'paid', '2017-06-06'),
('inv-0sek', 'Albert', 's7', 'paid', '2019-10-27'),
('inv-103j', 'Eddy', 's5', 'paid', '2018-09-26'),
('inv-153b', 'Chester', 's6', 'paid', '2018-07-03'),
('inv-184o', 'James', 's6', 'paid', '2017-10-26'),
('inv-1o25', 'Elise', 's2', 'unpaid', '2019-08-28'),
('inv-1p5u', 'Adam', 's9', 'paid', '2018-01-07'),
('inv-215u', 'Natalie', 's9', 'paid', '2020-02-19'),
('inv-22tk', 'Lydia', 's6', 'paid', '2018-06-15'),
('inv-23ij', 'Max', 's6', 'paid', '2015-10-19'),
('inv-2dgh', 'Lana', 's4', 'paid', '2018-04-18'),
('inv-2e47', 'Kimberly', 's6', 'paid', '2018-01-12'),
('inv-2lso', 'Lucas', 's4', 'paid', '2017-06-28'),
('inv-2v5c', 'Amanda', 's9', 'paid', '2020-02-04'),
('inv-31g5', 'Deanna', 's9', 'paid', '2015-11-09'),
('inv-38t2', 'Maria', 's2', 'paid', '2018-03-09'),
('inv-39i1', 'Emma', 's2', 'paid', '2019-01-23'),
('inv-3ir1', 'Elian', 's5', 'paid', '2016-06-04'),
('inv-3jf0', 'Audrey', 's2', 'paid', '2016-02-01'),
('inv-3rs7', 'Jordan', 's9', 'paid', '2019-05-09'),
('inv-4e5v', 'Joyce', 's6', 'paid', '2017-10-31'),
('inv-4etu', 'Jasmine', 's2', 'paid', '2016-09-26'),
('inv-4g69', 'Brad', 's2', 'paid', '2016-10-23'),
('inv-4hv8', 'John', 's4', 'paid', '2016-10-04'),
('inv-4wuq', 'Daryl', 's2', 'paid', '2015-05-01'),
('inv-4xjp', 'Owen', 's3', 'paid', '2018-04-02'),
('inv-4y7e', 'Kelsey', 's9', 'unpaid', '2019-03-20'),
('inv-4yw4', 'Oliver', 's6', 'paid', '2016-03-23'),
('inv-547x', 'Isabella', 's9', 'paid', '2018-02-25'),
('inv-5c8t', 'Jacob', 's9', 'paid', '2018-12-06'),
('inv-5m6r', 'Kelvin', 's7', 'paid', '2017-06-26'),
('inv-5uay', 'Lydia', 's2', 'paid', '2017-07-16'),
('inv-69jq', 'Fenton', 's4', 'paid', '2019-08-07'),
('inv-6a7f', 'Stella', 's9', 'paid', '2016-01-23'),
('inv-6bk4', 'Max', 's9', 'unpaid', '2020-03-10'),
('inv-6hkm', 'Rebecca', 's9', 'paid', '2018-09-06'),
('inv-6hwn', 'Darcy', 's9', 'paid', '2015-04-06'),
('inv-6r8l', 'Brad', 's7', 'paid', '2017-08-12'),
('inv-6s6a', 'Alexander', 's9', 'paid', '2019-06-04'),
('inv-6zlr', 'Kate', 's2', 'paid', '2019-01-04'),
('inv-74wb', 'Jenna', 's4', 'paid', '2017-05-18'),
('inv-75la', 'Lenny', 's2', 'paid', '2018-01-23'),
('inv-77yp', 'Arthur', 's2', 'paid', '2019-08-13'),
('inv-7nk4', 'Eleanor', 's4', 'paid', '2018-02-07'),
('inv-7nw5', 'Catherine', 's6', 'paid', '2017-10-11'),
('inv-7ozu', 'Camila', 's5', 'paid', '2018-03-22'),
('inv-7pxt', 'Elian', 's3', 'paid', '2015-03-08'),
('inv-8308', 'Madaline', 's2', 'paid', '2016-10-02'),
('inv-8dy7', 'Aston', 's4', 'paid', '2015-02-09'),
('inv-8lbe', 'Charlie', 's7', 'paid', '2018-05-09'),
('inv-8vxb', 'Alford', 's9', 'paid', '2018-12-10'),
('inv-8vzc', 'Steven', 's7', 'paid', '2018-12-27'),
('inv-91zv', 'Cherry', 's4', 'paid', '2018-10-22'),
('inv-92cj', 'Sam', 's9', 'paid', '2015-12-10'),
('inv-98c1', 'Ted', 's9', 'paid', '2019-09-24'),
('inv-9i90', 'Myra', 's2', 'paid', '2016-12-31'),
('inv-9jyz', 'Adele', 's5', 'paid', '2017-03-09'),
('inv-a7n2', 'Chester', 's4', 'paid', '2017-12-24'),
('inv-aeck', 'Tyler', 's9', 'paid', '2015-08-01'),
('inv-aenu', 'Haris', 's5', 'paid', '2015-03-03'),
('inv-agp8', 'Robert', 's9', 'paid', '2018-09-29'),
('inv-aqm7', 'Richard', 's2', 'paid', '2016-07-16'),
('inv-awdp', 'Michael', 's2', 'paid', '2017-06-11'),
('inv-aye3', 'Grace', 's5', 'unpaid', '2020-03-08'),
('inv-ayq4', 'Roland', 's5', 'paid', '2018-08-19'),
('inv-b31x', 'Victoria', 's7', 'paid', '2017-09-29'),
('inv-b4qw', 'Gianna', 's6', 'paid', '2016-07-22'),
('inv-bl0s', 'Aldus', 's9', 'paid', '2018-01-11'),
('inv-bmoq', 'Sienna', 's9', 'paid', '2018-02-18'),
('inv-bu1x', 'George', 's6', 'paid', '2019-06-25'),
('inv-c91f', 'Adrianna', 's6', 'paid', '2015-07-14'),
('inv-cb2t', 'Adrian', 's7', 'paid', '2019-12-20'),
('inv-cbe4', 'Chester', 's2', 'paid', '2020-01-12'),
('inv-ch2b', 'Sydney', 's2', 'paid', '2017-07-09'),
('inv-cr0a', 'Alfred', 's9', 'paid', '2016-06-28'),
('inv-ct4y', 'Cadie', 's9', 'paid', '2019-04-29'),
('inv-cz3h', 'Alexia', 's5', 'paid', '2017-05-21'),
('inv-d7gn', 'Daryl', 's9', 'paid', '2018-05-04'),
('inv-dbls', 'Owen', 's7', 'paid', '2017-03-07'),
('inv-dhem', 'Ryan', 's2', 'paid', '2017-11-19'),
('inv-dne4', 'Victoria', 's5', 'paid', '2015-07-23'),
('inv-dort', 'Vincent', 's2', 'paid', '2016-05-16'),
('inv-dpfi', 'Daryl', 's2', 'paid', '2016-11-05'),
('inv-ecs7', 'Julia', 's9', 'paid', '2020-02-05'),
('inv-eurb', 'Tyler', 's7', 'paid', '2015-05-08'),
('inv-eutc', 'Adison', 's6', 'paid', '2018-10-29'),
('inv-f0ht', 'Miranda', 's7', 'paid', '2015-10-07'),
('inv-f2u8', 'Catherine', 's4', 'paid', '2019-02-16'),
('inv-f8u0', 'Emma', 's6', 'paid', '2019-06-23'),
('inv-fisz', 'Adrianna', 's2', 'paid', '2016-11-28'),
('inv-fk5e', 'Connie', 's6', 'paid', '2016-09-29'),
('inv-g761', 'Sienna', 's2', 'paid', '2019-05-23'),
('inv-gd6k', 'Melissa', 's4', 'paid', '2019-03-13'),
('inv-gfj8', 'Gianna', 's4', 'paid', '2016-08-20'),
('inv-gg7x', 'Reid', 's5', 'paid', '2018-11-27'),
('inv-gq5w', 'Haris', 's2', 'paid', '2019-03-17'),
('inv-gw5e', 'Preston', 's5', 'paid', '2016-02-07'),
('inv-gx83', 'Victoria', 's9', 'paid', '2016-03-21'),
('inv-h38l', 'Catherine', 's4', 'paid', '2015-08-29'),
('inv-h3kw', 'Madaline', 's4', 'paid', '2020-03-08'),
('inv-hlir', 'Edwin', 's6', 'paid', '2016-06-22'),
('inv-ibwt', 'Tess', 's2', 'paid', '2016-03-15'),
('inv-iri9', 'Eddy', 's5', 'paid', '2017-03-22'),
('inv-itvx', 'Abigail', 's6', 'paid', '2019-10-30'),
('inv-izvg', 'Charlotte', 's2', 'paid', '2016-11-02'),
('inv-j68m', 'Carl', 's2', 'paid', '2015-03-20'),
('inv-j6ao', 'Charlie', 's7', 'paid', '2019-10-29'),
('inv-jhwb', 'Jared', 's2', 'paid', '2017-09-29'),
('inv-jnlt', 'Maximilian', 's9', 'paid', '2018-02-22'),
('inv-jnw3', 'Kevin', 's9', 'paid', '2020-05-06'),
('inv-jo9i', 'Lucia', 's7', 'paid', '2017-05-19'),
('inv-jyxh', 'Ashton', 's7', 'paid', '2015-02-27'),
('inv-kca6', 'Eddy', 's6', 'paid', '2019-10-16'),
('inv-ku91', 'Antony', 's5', 'paid', '2016-01-16'),
('inv-kubb', 'Amy', 's9', 'unpaid', '2019-08-04'),
('inv-l1o9', 'Tess', 's6', 'paid', '2016-10-21'),
('inv-l2c7', 'Honey', 's9', 'paid', '2015-02-03'),
('inv-ljze', 'Mike', 's5', 'paid', '2017-10-27'),
('inv-lknd', 'Jack', 's6', 'paid', '2015-04-19'),
('inv-m5c8', 'Wilson', 's2', 'paid', '2020-04-21'),
('inv-m7o0', 'Audrey', 's5', 'paid', '2020-04-20'),
('inv-mf1y', 'William', 's7', 'paid', '2018-01-08'),
('inv-mpzw', 'Edith', 's9', 'paid', '2019-08-21'),
('inv-mx02', 'Victor', 's7', 'paid', '2017-03-08'),
('inv-mx23', 'Savana', 's5', 'paid', '2016-03-12'),
('inv-n32l', 'Alissa', 's5', 'paid', '2019-09-10'),
('inv-n4fa', 'Alina', 's5', 'paid', '2016-06-17'),
('inv-nbcr', 'Freddie', 's6', 'paid', '2018-12-06'),
('inv-nl1g', 'Kimberly', 's2', 'paid', '2016-04-27'),
('inv-o0qt', 'Kate', 's2', 'paid', '2015-12-16'),
('inv-oafs', 'Rosie', 's5', 'paid', '2019-11-24'),
('inv-ospx', 'Roland', 's7', 'paid', '2016-10-13'),
('inv-oten', 'Bruce', 's2', 'paid', '2019-04-19'),
('inv-p0tv', 'Aldus', 's9', 'paid', '2017-07-27'),
('inv-p6qc', 'Paige', 's2', 'paid', '2019-06-19'),
('inv-p6td', 'Byron', 's2', 'paid', '2019-07-25'),
('inv-pgfa', 'Belinda', 's9', 'paid', '2016-03-24'),
('inv-posh', 'Dale', 's2', 'paid', '2018-06-26'),
('inv-pygg', 'Leonardo', 's5', 'paid', '2019-04-17'),
('inv-q246', 'Andrew', 's5', 'paid', '2017-09-01'),
('inv-q3hu', 'John', 's2', 'paid', '2020-03-03'),
('inv-qj5b', 'Arthur', 's7', 'paid', '2019-11-17'),
('inv-qn3i', 'Evelyn', 's7', 'paid', '2018-08-25'),
('inv-qt31', 'Antony', 's4', 'paid', '2018-05-16'),
('inv-qv7p', 'Eddy', 's6', 'paid', '2017-08-05'),
('inv-r167', 'Max', 's9', 'paid', '2019-01-12'),
('inv-r9hd', 'Tony', 's5', 'paid', '2016-01-16'),
('inv-rk52', 'Nicole', 's4', 'paid', '2019-06-18'),
('inv-s76q', 'James', 's4', 'paid', '2018-10-15'),
('inv-s9je', 'Arianna', 's7', 'paid', '2015-03-21'),
('inv-sfhv', 'Sawyer', 's6', 'paid', '2015-12-11'),
('inv-srua', 'Preston', 's6', 'paid', '2017-02-08'),
('inv-sxi1', 'Spike', 's5', 'paid', '2016-10-28'),
('inv-sxu2', 'Marcus', 's2', 'paid', '2017-07-26'),
('inv-szvf', 'Martin', 's5', 'paid', '2016-12-24'),
('inv-t3kk', 'Myra', 's5', 'paid', '2019-11-18'),
('inv-t4xz', 'Nicholas', 's4', 'paid', '2019-01-07'),
('inv-t5vy', 'Thomas', 's5', 'paid', '2019-01-18'),
('inv-tbvg', 'Mike', 's4', 'paid', '2019-12-22'),
('inv-tm85', 'Valeria', 's2', 'paid', '2018-10-27'),
('inv-u09s', 'Melissa', 's4', 'paid', '2015-05-14'),
('inv-ua6v', 'Lucas', 's9', 'paid', '2016-03-11'),
('inv-us8n', 'Tara', 's4', 'paid', '2016-03-10'),
('inv-uswl', 'Cadie', 's7', 'paid', '2015-04-04'),
('inv-v0bu', 'Ashton', 's2', 'paid', '2020-02-15'),
('inv-v5kl', 'Lilianna', 's6', 'paid', '2017-10-25'),
('inv-v69b', 'Kate', 's4', 'paid', '2017-08-02'),
('inv-v6bc', 'Frederick', 's9', 'paid', '2016-02-28'),
('inv-v8mz', 'Hailey', 's6', 'paid', '2019-02-14'),
('inv-voag', 'Harold', 's6', 'paid', '2018-12-27'),
('inv-vpnv', 'Roland', 's7', 'paid', '2016-05-28'),
('inv-vy85', 'Tara', 's6', 'paid', '2017-01-28'),
('inv-w1m5', 'Briony', 's9', 'paid', '2019-11-27'),
('inv-w30k', 'Maximilian', 's5', 'unpaid', '2020-03-07'),
('inv-wdoj', 'Savana', 's4', 'paid', '2015-06-02'),
('inv-wemh', 'April', 's9', 'paid', '2018-01-11'),
('inv-wkl0', 'Michael', 's7', 'paid', '2015-03-21'),
('inv-wvnn', 'Miller', 's9', 'unpaid', '2018-01-02'),
('inv-wvyf', 'Miller', 's9', 'paid', '2016-06-20'),
('inv-x1y6', 'Lenny', 's6', 'paid', '2015-11-09'),
('inv-x8bd', 'Kevin', 's7', 'paid', '2018-09-19'),
('inv-x9z2', 'Marcus', 's4', 'paid', '2015-01-06'),
('inv-xjx1', 'Blake', 's4', 'paid', '2015-01-07'),
('inv-xr08', 'Vanessa', 's7', 'paid', '2017-05-19'),
('inv-y924', 'Ellia', 's7', 'paid', '2018-06-03'),
('inv-yfbv', 'Oscar', 's2', 'paid', '2015-07-10'),
('inv-yqc9', 'Adrian', 's7', 'paid', '2015-11-20'),
('inv-ywcr', 'Maria', 's6', 'paid', '2019-04-28'),
('inv-yx0q', 'Martin', 's6', 'paid', '2020-03-29'),
('inv-yzde', 'John', 's6', 'paid', '2019-10-11'),
('inv-z4gy', 'Elise', 's6', 'paid', '2015-01-05'),
('inv-z4py', 'Owen', 's7', 'paid', '2019-11-02'),
('inv-z5dx', 'Sarah', 's5', 'paid', '2015-08-02'),
('inv-zb25', 'Clark', 's9', 'paid', '2020-05-06'),
('inv-zcq3', 'Walter', 's9', 'paid', '2015-03-03'),
('inv-zmo2', 'Martin', 's7', 'paid', '2015-09-23'),
('inv-zurz', 'Melanie', 's6', 'paid', '2017-10-15');

-- --------------------------------------------------------

--
-- Table structure for table `management`
--

CREATE TABLE `management` (
  `staff_id` varchar(2) DEFAULT NULL,
  `FirstName` varchar(7) DEFAULT NULL,
  `LastName` varchar(9) DEFAULT NULL,
  `Designation` varchar(17) DEFAULT NULL,
  `Phone_no` varchar(11) DEFAULT NULL
) ENGINE=InnoDB DEFAULT CHARSET=utf8;

--
-- Dumping data for table `management`
--

INSERT INTO `management` (`staff_id`, `FirstName`, `LastName`, `Designation`, `Phone_no`) VALUES
('s3', 'Agata', 'Andrews', 'manager', '011-9811-39'),
('s1', 'Haris', 'Ellis', 'administrator', '683-0804-42'),
('s8', 'Michael', 'Mitchell', 'accountant', '903-9806-78'),
('s4', 'Amanda', 'Johnston', 'sales person', '156-4477-88'),
('s9', 'Fiona', 'Mason', 'sales person', '745-2631-44'),
('s6', 'Alissa', 'Murphy', 'sales person', '678-0832-55'),
('s5', 'Emily', 'Henderson', 'assistant manager', '623-5165-26'),
('s2', 'Jack', 'Parker', 'marketing manager', '834-7013-37'),
('s7', 'Elian', 'Henderson', 'sales person', '536-1675-30');

-- --------------------------------------------------------

--
-- Table structure for table `prescription`
--

CREATE TABLE `prescription` (
  `pres_id` varchar(9) DEFAULT NULL,
  `cust_name` varchar(10) DEFAULT NULL,
  `Age` int(2) DEFAULT NULL,
  `sex` varchar(6) DEFAULT NULL,
  `address` varchar(42) DEFAULT NULL,
  `inv_id` varchar(8) DEFAULT NULL,
  `Phone` varchar(11) DEFAULT NULL,
  `date` varchar(10) DEFAULT NULL
) ENGINE=InnoDB DEFAULT CHARSET=utf8;

--
-- Dumping data for table `prescription`
--

INSERT INTO `prescription` (`pres_id`, `cust_name`, `Age`, `sex`, `address`, `inv_id`, `Phone`, `date`) VALUES
('pres-c91v', 'Jenna', 30, 'Female', 'Maiden Lane,chennai,Tamilnadu,India', 'inv-74wb', '009-2968-73', '2017-05-18'),
('pres-f82v', 'Kelsey', 19, 'Female', 'Madison Avenue,chennai,Tamilnadu,India', 'inv-4y7e', '312-7979-14', '2019-03-20'),
('pres-cj7v', 'Lydia', 19, 'Female', 'Grand Avenue,chennai,Tamilnadu,India', 'inv-22tk', '432-2679-01', '2018-06-15'),
('pres-7yov', 'Elian', 18, 'Male', 'Williams Street,chennai,Tamilnadu,India', 'inv-3ir1', '199-3071-15', '2016-06-04'),
('pres-7nvv', 'Kate', 29, 'Female', 'Laurel Drive,chennai,Tamilnadu,India', 'inv-o0qt', '409-2384-28', '2015-12-16'),
('pres-5s4v', 'Victoria', 24, 'Female', 'Front Street North,chennai,Tamilnadu,India', 'inv-b31x', '833-5312-39', '2017-09-29'),
('pres-vyfv', 'Chester', 29, 'Male', 'Franklin Court,chennai,Tamilnadu,India', 'inv-a7n2', '104-2766-21', '2017-12-24'),
('pres-751v', 'Maximilian', 19, 'Male', 'Jefferson Avenue,chennai,Tamilnadu,India', 'inv-jnlt', '566-0922-09', '2018-02-22'),
('pres-ecsv', 'Lilianna', 25, 'Female', 'Monroe Street,chennai,Tamilnadu,India', 'inv-v5kl', '389-8279-67', '2017-10-25'),
('pres-7osv', 'Martin', 27, 'Male', 'Linden Avenue,chennai,Tamilnadu,India', 'inv-szvf', '625-8214-81', '2016-12-24'),
('pres-pxzv', 'John', 18, 'Male', 'Grand Avenue,chennai,Tamilnadu,India', 'inv-q3hu', '089-8249-06', '2020-03-03'),
('pres-apqv', 'Arthur', 21, 'Male', 'Madison Avenue,chennai,Tamilnadu,India', 'inv-qj5b', '132-2229-15', '2019-11-17'),
('pres-w3zv', 'Chester', 25, 'Male', 'Pleasant Street,chennai,Tamilnadu,India', 'inv-cbe4', '461-4465-07', '2020-01-12'),
('pres-kv8v', 'Owen', 21, 'Male', 'Franklin Avenue,chennai,Tamilnadu,India', 'inv-z4py', '977-4635-19', '2019-11-02'),
('pres-lzvv', 'Kevin', 19, 'Male', 'Fairway Drive,chennai,Tamilnadu,India', 'inv-x8bd', '740-4150-20', '2018-09-19'),
('pres-o9gv', 'Camila', 21, 'Female', 'Williams Street,chennai,Tamilnadu,India', 'inv-7ozu', '507-2953-88', '2018-03-22'),
('pres-gfiv', 'Carl', 29, 'Male', 'Grand Avenue,chennai,Tamilnadu,India', 'inv-j68m', '123-5578-59', '2015-03-20'),
('pres-838v', 'Fenton', 27, 'Male', 'Cedar Lane,chennai,Tamilnadu,India', 'inv-69jq', '379-4100-80', '2019-08-07'),
('pres-t22v', 'Joyce', 24, 'Female', 'Arlington Avenue,chennai,Tamilnadu,India', 'inv-4e5v', '234-8728-75', '2017-10-31'),
('pres-dfhv', 'Adison', 22, 'Male', 'Willow Avenue,chennai,Tamilnadu,India', 'inv-eutc', '095-9171-90', '2018-10-29'),
('pres-bt3v', 'Clark', 25, 'Male', 'Pleasant Street,chennai,Tamilnadu,India', 'inv-zb25', '363-9794-85', '2020-05-06'),
('pres-ynbv', 'Wilson', 22, 'Male', 'Charles Street,chennai,Tamilnadu,India', 'inv-m5c8', '443-0469-42', '2020-04-21'),
('pres-cqav', 'Mike', 20, 'Male', 'Orchard Avenue,chennai,Tamilnadu,India', 'inv-ljze', '461-6251-48', '2017-10-27'),
('pres-dnuv', 'Roland', 30, 'Male', 'Front Street North,chennai,Tamilnadu,India', 'inv-vpnv', '920-3714-86', '2016-05-28'),
('pres-9i9v', 'Darcy', 18, 'Female', 'Monroe Street,chennai,Tamilnadu,India', 'inv-6hwn', '929-4634-79', '2015-04-06'),
('pres-0jyv', 'Lucas', 22, 'Male', 'Front Street North,chennai,Tamilnadu,India', 'inv-ua6v', '873-6007-77', '2016-03-11'),
('pres-xh4v', 'Blake', 19, 'Male', 'Linden Avenue,chennai,Tamilnadu,India', 'inv-xjx1', '473-5347-47', '2015-01-07'),
('pres-g69v', 'Kate', 25, 'Female', 'Charles Street,chennai,Tamilnadu,India', 'inv-6zlr', '451-3846-12', '2019-01-04'),
('pres-r9hv', 'Preston', 28, 'Male', 'Hanover Court,chennai,Tamilnadu,India', 'inv-srua', '364-9783-15', '2017-02-08'),
('pres-dpnv', 'Connie', 28, 'Female', 'Laurel Lane,chennai,Tamilnadu,India', 'inv-fk5e', '025-5810-99', '2016-09-29'),
('pres-3izv', 'Vincent', 24, 'Male', 'Hanover Court,chennai,Tamilnadu,India', 'inv-dort', '206-4799-45', '2016-05-16'),
('pres-urzv', 'Alina', 19, 'Female', 'Jefferson Avenue,chennai,Tamilnadu,India', 'inv-n4fa', '851-3222-17', '2016-06-17'),
('pres-bl0v', 'Martin', 28, 'Male', 'White Street,chennai,Tamilnadu,India', 'inv-zmo2', '785-9635-08', '2015-09-23'),
('pres-ryev', 'Edith', 26, 'Female', 'Madison Avenue,chennai,Tamilnadu,India', 'inv-mpzw', '564-8666-76', '2019-08-21'),
('pres-bvwv', 'Amy', 18, 'Female', 'Garfield Avenue,chennai,Tamilnadu,India', 'inv-kubb', '401-2434-60', '2019-08-04'),
('pres-jx1v', 'Melissa', 29, 'Female', 'Warren Avenue,chennai,Tamilnadu,India', 'inv-u09s', '628-7338-66', '2015-05-14'),
('pres-6zlv', 'Brad', 30, 'Male', 'Clay Street,chennai,Tamilnadu,India', 'inv-6r8l', '712-8258-79', '2017-08-12'),
('pres-rrqv', 'Lucas', 27, 'Male', 'Warren Avenue,chennai,Tamilnadu,India', 'inv-2lso', '406-7896-22', '2017-06-28'),
('pres-p5av', 'Adam', 25, 'Male', 'Laurel Drive,chennai,Tamilnadu,India', 'inv-1p5u', '269-6814-73', '2018-01-07'),
('pres-f09v', 'Chester', 19, 'Male', 'Woodland Drive,chennai,Tamilnadu,India', 'inv-153b', '003-9101-90', '2018-07-03'),
('pres-9kmv', 'Savana', 28, 'Female', 'River Street,chennai,Tamilnadu,India', 'inv-mx23', '873-9909-44', '2016-03-12'),
('pres-oi0v', 'Richard', 23, 'Male', 'Fairway Drive,chennai,Tamilnadu,India', 'inv-aqm7', '857-2164-47', '2016-07-16'),
('pres-a5uv', 'Steven', 21, 'Male', 'Andover Court,chennai,Tamilnadu,India', 'inv-8vzc', '459-0831-11', '2018-12-27'),
('pres-ijxv', 'Tess', 19, 'Female', 'Maiden Lane,chennai,Tamilnadu,India', 'inv-ibwt', '817-7814-08', '2016-03-15'),
('pres-hkuv', 'Cadie', 24, 'Female', 'Grand Avenue,chennai,Tamilnadu,India', 'inv-uswl', '607-8796-26', '2015-04-04'),
('pres-sgpv', 'Eddy', 18, 'Male', 'Willow Avenue,chennai,Tamilnadu,India', 'inv-qv7p', '669-4918-62', '2017-08-05'),
('pres-77pv', 'Aldus', 30, 'Male', 'Jefferson Avenue,chennai,Tamilnadu,India', 'inv-p0tv', '173-3669-05', '2017-07-27'),
('pres-v4ov', 'Paige', 20, 'Female', 'Laurel Lane,chennai,Tamilnadu,India', 'inv-p6qc', '277-9615-96', '2019-06-19'),
('pres-1n3v', 'Roland', 19, 'Male', 'Crescent Street,chennai,Tamilnadu,India', 'inv-ayq4', '952-4151-58', '2018-08-19'),
('pres-gygv', 'Vanessa', 28, 'Female', 'Clay Street,chennai,Tamilnadu,India', 'inv-xr08', '631-0646-06', '2017-05-19'),
('pres-okwv', 'Miller', 19, 'Male', 'Warren Avenue,chennai,Tamilnadu,India', 'inv-wvnn', '147-1816-17', '2018-01-02'),
('pres-l0pv', 'Max', 30, 'Male', 'Madison Avenue,chennai,Tamilnadu,India', 'inv-6bk4', '963-2599-49', '2020-03-10'),
('pres-x1yv', 'Madaline', 25, 'Female', 'Ann Street,chennai,Tamilnadu,India', 'inv-h3kw', '139-7609-58', '2020-03-08'),
('pres-6isv', 'Daryl', 28, 'Male', 'Monroe Street,chennai,Tamilnadu,India', 'inv-4wuq', '252-2117-74', '2015-05-01'),
('pres-xy5v', 'Deanna', 23, 'Female', 'Heather Lane,chennai,Tamilnadu,India', 'inv-31g5', '578-8078-60', '2015-11-09'),
('pres-li2v', 'Ryan', 29, 'Male', 'Warren Avenue,chennai,Tamilnadu,India', 'inv-dhem', '769-5694-00', '2017-11-19'),
('pres-3quv', 'John', 27, 'Male', 'Highland Drive,chennai,Tamilnadu,India', 'inv-yzde', '984-5953-53', '2019-10-11'),
('pres-8d6v', 'Tess', 26, 'Female', 'Route 30,chennai,Tamilnadu,India', 'inv-l1o9', '660-6010-70', '2016-10-21'),
('pres-sopv', 'Charlie', 28, 'Male', 'Front Street North,chennai,Tamilnadu,India', 'inv-j6ao', '782-8873-77', '2019-10-29'),
('pres-orhv', 'Valeria', 27, 'Female', 'Front Street North,chennai,Tamilnadu,India', 'inv-tm85', '147-2665-31', '2018-10-27'),
('pres-lq2v', 'Isabella', 21, 'Female', 'Franklin Court,chennai,Tamilnadu,India', 'inv-547x', '027-9005-09', '2018-02-25'),
('pres-kkvv', 'Spike', 21, 'Male', 'Franklin Avenue,chennai,Tamilnadu,India', 'inv-sxi1', '112-8437-70', '2016-10-28'),
('pres-oqkv', 'Andrew', 26, 'Male', 'Andover Court,chennai,Tamilnadu,India', 'inv-q246', '651-3092-54', '2017-09-01'),
('pres-2m7v', 'Audrey', 23, 'Female', 'Summit Avenue,chennai,Tamilnadu,India', 'inv-0i2n', '878-5533-14', '2015-05-05'),
('pres-5tlv', 'Adrianna', 29, 'Female', 'Court Street,chennai,Tamilnadu,India', 'inv-c91f', '148-6746-47', '2015-07-14'),
('pres-ztmv', 'Sam', 28, 'Male', 'White Street,chennai,Tamilnadu,India', 'inv-92cj', '275-1873-61', '2015-12-10'),
('pres-w3rv', 'Arthur', 18, 'Male', 'Pleasant Street,chennai,Tamilnadu,India', 'inv-77yp', '074-3889-80', '2019-08-13'),
('pres-riiv', 'Catherine', 20, 'Female', 'Hanover Court,chennai,Tamilnadu,India', 'inv-7nw5', '655-1201-50', '2017-10-11'),
('pres-17fv', 'Thomas', 26, 'Male', 'Williams Street,chennai,Tamilnadu,India', 'inv-t5vy', '020-6047-96', '2019-01-18'),
('pres-zdyv', 'Sienna', 19, 'Female', 'Williams Street,chennai,Tamilnadu,India', 'inv-g761', '448-6694-82', '2019-05-23'),
('pres-fr0v', 'Julia', 19, 'Female', 'River Street,chennai,Tamilnadu,India', 'inv-ecs7', '978-3708-52', '2020-02-05'),
('pres-rqlv', 'Roland', 29, 'Male', 'Monroe Street,chennai,Tamilnadu,India', 'inv-ospx', '924-6638-72', '2016-10-13'),
('pres-ywcv', 'Grace', 18, 'Female', 'King Street,chennai,Tamilnadu,India', 'inv-0apq', '338-2004-88', '2017-12-25'),
('pres-08cv', 'Maximilian', 25, 'Male', 'Summit Avenue,chennai,Tamilnadu,India', 'inv-w30k', '387-4983-67', '2020-03-07'),
('pres-9htv', 'Hailey', 24, 'Female', 'Willow Avenue,chennai,Tamilnadu,India', 'inv-v8mz', '887-4766-68', '2019-02-14'),
('pres-u9av', 'Harold', 25, 'Male', 'King Street,chennai,Tamilnadu,India', 'inv-voag', '596-1936-22', '2018-12-27'),
('pres-gxjv', 'Gianna', 26, 'Female', 'Route 1,chennai,Tamilnadu,India', 'inv-gfj8', '798-1889-75', '2016-08-20'),
('pres-4f1v', 'Maria', 21, 'Female', 'Ann Street,chennai,Tamilnadu,India', 'inv-38t2', '858-5747-34', '2018-03-09'),
('pres-6jpv', 'Lana', 28, 'Female', 'Orchard Avenue,chennai,Tamilnadu,India', 'inv-2dgh', '945-8681-69', '2018-04-18'),
('pres-h30v', 'Cadie', 29, 'Female', 'Hanover Court,chennai,Tamilnadu,India', 'inv-ct4y', '531-4154-94', '2019-04-29'),
('pres-0z3v', 'Freddie', 29, 'Male', 'Broad Street,chennai,Tamilnadu,India', 'inv-nbcr', '615-8245-48', '2018-12-06'),
('pres-snsv', 'Haris', 18, 'Male', 'Woodland Drive,chennai,Tamilnadu,India', 'inv-aenu', '322-1572-46', '2015-03-03'),
('pres-dwmv', 'Myra', 20, 'Female', 'Cottage Street,chennai,Tamilnadu,India', 'inv-9i90', '633-1509-75', '2016-12-31'),
('pres-xz1v', 'Ashton', 20, 'Male', 'Summit Avenue,chennai,Tamilnadu,India', 'inv-jyxh', '344-9787-84', '2015-02-27'),
('pres-wdxv', 'Brad', 19, 'Male', 'Pleasant Street,chennai,Tamilnadu,India', 'inv-4g69', '167-5989-38', '2016-10-23'),
('pres-i74v', 'Tony', 18, 'Male', 'Monroe Street,chennai,Tamilnadu,India', 'inv-r9hd', '173-7369-86', '2016-01-16'),
('pres-wb4v', 'Evelyn', 19, 'Female', 'Front Street North,chennai,Tamilnadu,India', 'inv-qn3i', '605-5578-98', '2018-08-25'),
('pres-y7ev', 'Melanie', 19, 'Female', 'Briarwood Drive,chennai,Tamilnadu,India', 'inv-zurz', '973-9317-00', '2017-10-15'),
('pres-22tv', 'Aldus', 25, 'Male', 'Forest Street,chennai,Tamilnadu,India', 'inv-bl0s', '756-4922-59', '2018-01-11'),
('pres-k3iv', 'Oscar', 19, 'Male', 'Rose Street,chennai,Tamilnadu,India', 'inv-yfbv', '649-0591-28', '2015-07-10'),
('pres-r1ov', 'Aston', 21, 'Male', 'King Street,chennai,Tamilnadu,India', 'inv-8dy7', '210-0423-51', '2015-02-09'),
('pres-0qtv', 'Rebecca', 25, 'Female', 'Cedar Lane,chennai,Tamilnadu,India', 'inv-6hkm', '021-3623-69', '2018-09-06'),
('pres-b31v', 'Victoria', 20, 'Female', 'River Street,chennai,Tamilnadu,India', 'inv-gx83', '961-0876-21', '2016-03-21'),
('pres-x97v', 'Sawyer', 19, 'Male', 'Cedar Avenue,chennai,Tamilnadu,India', 'inv-sfhv', '824-0782-25', '2015-12-11'),
('pres-n2jv', 'Adrianna', 23, 'Female', 'Madison Avenue,chennai,Tamilnadu,India', 'inv-fisz', '636-2430-56', '2016-11-28'),
('pres-nltv', 'Victoria', 25, 'Female', 'Olive Street,chennai,Tamilnadu,India', 'inv-dne4', '174-5741-19', '2015-07-23'),
('pres-v5kv', 'Alissa', 30, 'Female', 'Cottage Street,chennai,Tamilnadu,India', 'inv-n32l', '066-7911-01', '2019-09-10'),
('pres-lsyv', 'Charlie', 27, 'Male', 'Highland Drive,chennai,Tamilnadu,India', 'inv-8lbe', '850-2996-99', '2018-05-09'),
('pres-vfqv', 'April', 18, 'Female', 'Broad Street,chennai,Tamilnadu,India', 'inv-wemh', '341-5131-61', '2018-01-11'),
('pres-3huv', 'Tara', 22, 'Female', 'Woodland Drive,chennai,Tamilnadu,India', 'inv-us8n', '875-3128-55', '2016-03-10'),
('pres-qj5v', 'Oliver', 28, 'Male', 'Devon Court,chennai,Tamilnadu,India', 'inv-4yw4', '400-7669-97', '2016-03-23'),
('pres-bcav', 'Haris', 20, 'Male', 'Willow Avenue,chennai,Tamilnadu,India', 'inv-gq5w', '845-2257-65', '2019-03-17'),
('pres-e4zv', 'Audrey', 24, 'Female', 'Crescent Street,chennai,Tamilnadu,India', 'inv-3jf0', '468-2212-09', '2016-02-01'),
('pres-4pyv', 'Elise', 26, 'Female', 'Court Street,chennai,Tamilnadu,India', 'inv-1o25', '795-2888-57', '2019-08-28'),
('pres-x8bv', 'Gianna', 29, 'Female', 'Windsor Drive,chennai,Tamilnadu,India', 'inv-b4qw', '079-5851-57', '2016-07-22'),
('pres-d7ov', 'Miller', 30, 'Male', 'Devon Court,chennai,Tamilnadu,India', 'inv-wvyf', '884-5767-99', '2016-06-20'),
('pres-zujv', 'Lucia', 20, 'Female', 'Warren Avenue,chennai,Tamilnadu,India', 'inv-jo9i', '089-6059-58', '2017-05-19'),
('pres-68mv', 'Abigail', 30, 'Female', 'Atlantic Avenue,chennai,Tamilnadu,India', 'inv-itvx', '918-1418-80', '2019-10-30'),
('pres-69jv', 'Arianna', 22, 'Female', 'Linden Avenue,chennai,Tamilnadu,India', 'inv-s9je', '908-7738-54', '2015-03-21'),
('pres-q4ev', 'Jordan', 27, 'Male', 'River Street,chennai,Tamilnadu,India', 'inv-3rs7', '999-1990-23', '2019-05-09'),
('pres-5vev', 'Antony', 24, 'Male', 'King Street,chennai,Tamilnadu,India', 'inv-qt31', '420-3255-11', '2018-05-16'),
('pres-utcv', 'Leonardo', 20, 'Male', 'Court Street,chennai,Tamilnadu,India', 'inv-pygg', '614-6870-07', '2019-04-17'),
('pres-zb2v', 'Sarah', 27, 'Female', 'Charles Street,chennai,Tamilnadu,India', 'inv-z5dx', '272-6552-62', '2015-08-02'),
('pres-4m5v', 'Michael', 20, 'Male', 'Laurel Drive,chennai,Tamilnadu,India', 'inv-awdp', '231-6153-38', '2017-06-11'),
('pres-c8lv', 'Elian', 22, 'Male', 'Main Street,chennai,Tamilnadu,India', 'inv-7pxt', '221-9737-28', '2015-03-08'),
('pres-jzev', 'Lydia', 19, 'Female', 'Franklin Court,chennai,Tamilnadu,India', 'inv-5uay', '115-0896-45', '2017-07-16'),
('pres-vpnv', 'Stella', 18, 'Female', 'Atlantic Avenue,chennai,Tamilnadu,India', 'inv-6a7f', '863-0038-77', '2016-01-23'),
('pres-v6hv', 'Max', 29, 'Male', 'Cottage Street,chennai,Tamilnadu,India', 'inv-r167', '202-0132-33', '2019-01-12'),
('pres-vntv', 'Tyler', 26, 'Male', 'Summit Avenue,chennai,Tamilnadu,India', 'inv-eurb', '338-4439-83', '2015-05-08'),
('pres-a6rv', 'Alexia', 30, 'Female', 'King Street,chennai,Tamilnadu,India', 'inv-cz3h', '131-9165-64', '2017-05-21'),
('pres-sesv', 'William', 23, 'Male', 'Willow Avenue,chennai,Tamilnadu,India', 'inv-mf1y', '571-2720-56', '2018-01-08'),
('pres-w2uv', 'Martin', 28, 'Male', 'Rose Street,chennai,Tamilnadu,India', 'inv-yx0q', '887-9442-12', '2020-03-29'),
('pres-gnnv', 'Ashton', 19, 'Male', 'Orchard Avenue,chennai,Tamilnadu,India', 'inv-v0bu', '918-4131-24', '2020-02-15'),
('pres-mp5v', 'Nicholas', 18, 'Male', 'Maiden Lane,chennai,Tamilnadu,India', 'inv-t4xz', '502-7083-05', '2019-01-07'),
('pres-af0v', 'Mike', 22, 'Male', 'Main Street,chennai,Tamilnadu,India', 'inv-tbvg', '712-8362-22', '2019-12-22'),
('pres-99kv', 'Catherine', 29, 'Female', 'Franklin Avenue,chennai,Tamilnadu,India', 'inv-f2u8', '849-5611-53', '2019-02-16'),
('pres-moiv', 'Amanda', 20, 'Female', 'Williams Street,chennai,Tamilnadu,India', 'inv-2v5c', '005-3774-14', '2020-02-04'),
('pres-0a5v', 'Savana', 19, 'Female', 'Cedar Lane,chennai,Tamilnadu,India', 'inv-00rr', '294-7888-53', '2015-05-08'),
('pres-uijv', 'Robert', 29, 'Male', 'Heather Lane,chennai,Tamilnadu,India', 'inv-agp8', '060-0996-66', '2018-09-29'),
('pres-xhkv', 'Audrey', 30, 'Female', 'Briarwood Drive,chennai,Tamilnadu,India', 'inv-m7o0', '043-7953-05', '2020-04-20'),
('pres-usgv', 'Cherry', 30, 'Female', 'Devon Court,chennai,Tamilnadu,India', 'inv-91zv', '208-3058-99', '2018-10-22'),
('pres-p77v', 'Lenny', 27, 'Male', 'River Street,chennai,Tamilnadu,India', 'inv-75la', '014-0536-07', '2018-01-23'),
('pres-pv4v', 'Edwin', 27, 'Male', 'Franklin Avenue,chennai,Tamilnadu,India', 'inv-hlir', '889-3067-64', '2016-06-22'),
('pres-o1nv', 'Max', 27, 'Male', 'Jefferson Avenue,chennai,Tamilnadu,India', 'inv-23ij', '867-1801-92', '2015-10-19'),
('pres-3gyv', 'Byron', 29, 'Male', 'Willow Avenue,chennai,Tamilnadu,India', 'inv-p6td', '557-0691-00', '2019-07-25'),
('pres-gokv', 'Rosie', 29, 'Female', 'Crescent Street,chennai,Tamilnadu,India', 'inv-oafs', '857-5482-71', '2019-11-24'),
('pres-wl0v', 'Adrian', 29, 'Male', 'Fairway Drive,chennai,Tamilnadu,India', 'inv-yqc9', '647-3871-86', '2015-11-20'),
('pres-px1v', 'Ted', 26, 'Male', 'Main Street,chennai,Tamilnadu,India', 'inv-98c1', '182-9240-65', '2019-09-24'),
('pres-y6iv', 'Briony', 23, 'Female', 'Essex Court,chennai,Tamilnadu,India', 'inv-w1m5', '229-6496-10', '2019-11-27'),
('pres-sxyv', 'Kate', 21, 'Female', 'Linden Avenue,chennai,Tamilnadu,India', 'inv-v69b', '703-1793-97', '2017-08-02'),
('pres-5liv', 'Kelvin', 25, 'Male', 'King Street,chennai,Tamilnadu,India', 'inv-5m6r', '486-6125-33', '2017-06-26'),
('pres-23qv', 'Melissa', 22, 'Female', 'Summit Avenue,chennai,Tamilnadu,India', 'inv-gd6k', '792-2603-22', '2019-03-13'),
('pres-u8dv', 'Daryl', 22, 'Male', 'Laurel Drive,chennai,Tamilnadu,India', 'inv-d7gn', '329-2359-20', '2018-05-04'),
('pres-6sov', 'Adrian', 20, 'Male', 'Andover Court,chennai,Tamilnadu,India', 'inv-cb2t', '784-9195-10', '2019-12-20'),
('pres-porv', 'Alfred', 23, 'Male', 'Cottage Street,chennai,Tamilnadu,India', 'inv-cr0a', '306-9732-12', '2016-06-28'),
('pres-hlqv', 'Marcus', 24, 'Male', 'Franklin Avenue,chennai,Tamilnadu,India', 'inv-x9z2', '897-7781-87', '2015-01-06'),
('pres-2kkv', 'Eddy', 19, 'Male', 'Grand Avenue,chennai,Tamilnadu,India', 'inv-kca6', '427-9819-37', '2019-10-16'),
('pres-voqv', 'Jared', 19, 'Male', 'Orchard Avenue,chennai,Tamilnadu,India', 'inv-jhwb', '161-3422-72', '2017-09-29'),
('pres-k2mv', 'Marcus', 26, 'Male', 'Crescent Street,chennai,Tamilnadu,India', 'inv-sxu2', '954-0570-00', '2017-07-26'),
('pres-75tv', 'Jasmine', 27, 'Female', 'Route 1,chennai,Tamilnadu,India', 'inv-4etu', '317-2286-09', '2016-09-26'),
('pres-lztv', 'James', 26, 'Male', 'Hanover Court,chennai,Tamilnadu,India', 'inv-184o', '464-2997-83', '2017-10-26'),
('pres-mw3v', 'Walter', 21, 'Male', 'Garfield Avenue,chennai,Tamilnadu,India', 'inv-zcq3', '219-9402-68', '2015-03-03'),
('pres-rriv', 'Albert', 24, 'Male', 'Heather Lane,chennai,Tamilnadu,India', 'inv-0sek', '913-8053-01', '2019-10-27'),
('pres-i17v', 'Jack', 28, 'Male', 'Jefferson Avenue,chennai,Tamilnadu,India', 'inv-lknd', '583-8950-93', '2015-04-19'),
('pres-fzdv', 'Owen', 18, 'Male', 'Fairway Drive,chennai,Tamilnadu,India', 'inv-dbls', '877-3093-14', '2017-03-07'),
('pres-yfrv', 'Reid', 18, 'Male', 'Route 1,chennai,Tamilnadu,India', 'inv-gg7x', '651-8668-68', '2018-11-27'),
('pres-0rqv', 'Preston', 25, 'Male', 'Essex Court,chennai,Tamilnadu,India', 'inv-gw5e', '923-6876-35', '2016-02-07'),
('pres-lywv', 'Kimberly', 21, 'Female', 'Forest Street,chennai,Tamilnadu,India', 'inv-2e47', '916-4514-88', '2018-01-12'),
('pres-c08v', 'Belinda', 22, 'Female', 'Monroe Street,chennai,Tamilnadu,India', 'inv-pgfa', '751-7219-62', '2016-03-24'),
('pres-c9hv', 'Kimberly', 30, 'Female', 'Clay Street,chennai,Tamilnadu,India', 'inv-nl1g', '662-3110-49', '2016-04-27'),
('pres-tu9v', 'Lenny', 25, 'Male', 'Essex Court,chennai,Tamilnadu,India', 'inv-x1y6', '116-5115-38', '2015-11-09'),
('pres-agxv', 'Adele', 27, 'Female', 'Linden Avenue,chennai,Tamilnadu,India', 'inv-9jyz', '406-3242-71', '2017-03-09'),
('pres-j4fv', 'Jacob', 21, 'Male', 'Windsor Drive,chennai,Tamilnadu,India', 'inv-5c8t', '633-8538-32', '2018-12-06'),
('pres-16jv', 'John', 21, 'Male', 'Franklin Avenue,chennai,Tamilnadu,India', 'inv-4hv8', '720-0081-89', '2016-10-04'),
('pres-ph3v', 'Owen', 26, 'Male', 'Linden Avenue,chennai,Tamilnadu,India', 'inv-4xjp', '695-2451-88', '2018-04-02'),
('pres-00zv', 'Dale', 25, 'Male', 'Maiden Lane,chennai,Tamilnadu,India', 'inv-posh', '696-7738-99', '2018-06-26'),
('pres-3snv', 'Sydney', 23, 'Female', 'Andover Court,chennai,Tamilnadu,India', 'inv-ch2b', '495-6227-41', '2017-07-09'),
('pres-sdwv', 'Sienna', 20, 'Female', 'Ann Street,chennai,Tamilnadu,India', 'inv-bmoq', '933-9148-73', '2018-02-18'),
('pres-mxzv', 'Honey', 18, 'Female', 'Main Street,chennai,Tamilnadu,India', 'inv-l2c7', '426-1199-75', '2015-02-03'),
('pres-1wdv', 'Michael', 28, 'Male', 'Cedar Lane,chennai,Tamilnadu,India', 'inv-wkl0', '444-4615-11', '2015-03-21'),
('pres-xi7v', 'Kevin', 19, 'Male', 'Devon Court,chennai,Tamilnadu,India', 'inv-jnw3', '315-4389-36', '2020-05-06'),
('pres-4wbv', 'Eddy', 18, 'Male', 'Madison Avenue,chennai,Tamilnadu,India', 'inv-iri9', '447-2544-68', '2017-03-22'),
('pres-4y7v', 'James', 19, 'Male', 'Jefferson Avenue,chennai,Tamilnadu,India', 'inv-s76q', '499-5668-75', '2018-10-15'),
('pres-e22v', 'Daryl', 20, 'Male', 'Charles Street,chennai,Tamilnadu,India', 'inv-dpfi', '340-7477-64', '2016-11-05'),
('pres-tk3v', 'Tony', 28, 'Male', 'Laurel Drive,chennai,Tamilnadu,India', 'inv-0iqm', '370-0622-99', '2017-06-06'),
('pres-ir1v', 'Maria', 21, 'Female', 'Cedar Avenue,chennai,Tamilnadu,India', 'inv-ywcr', '977-7281-35', '2019-04-28'),
('pres-o0qv', 'Madaline', 23, 'Female', 'Andover Court,chennai,Tamilnadu,India', 'inv-8308', '848-1048-23', '2016-10-02'),
('pres-tb3v', 'Antony', 21, 'Male', 'Hanover Court,chennai,Tamilnadu,India', 'inv-ku91', '566-3534-37', '2016-01-16'),
('pres-1x9v', 'Eleanor', 29, 'Female', 'Woodland Drive,chennai,Tamilnadu,India', 'inv-7nk4', '792-7332-91', '2018-02-07'),
('pres-7n2v', 'Alexander', 21, 'Male', 'Grand Avenue,chennai,Tamilnadu,India', 'inv-6s6a', '987-5990-38', '2019-06-04'),
('pres-jnlv', 'Emma', 24, 'Female', 'Olive Street,chennai,Tamilnadu,India', 'inv-f8u0', '165-1371-68', '2019-06-23'),
('pres-tv5v', 'Eddy', 24, 'Male', 'Andover Court,chennai,Tamilnadu,India', 'inv-103j', '884-3273-34', '2018-09-26'),
('pres-klsv', 'Bruce', 21, 'Male', 'Laurel Lane,chennai,Tamilnadu,India', 'inv-oten', '389-3376-55', '2019-04-19'),
('pres-yvfv', 'Victor', 22, 'Male', 'Andover Court,chennai,Tamilnadu,India', 'inv-mx02', '065-9143-77', '2017-03-08'),
('pres-q3hv', 'Savana', 29, 'Female', 'Cedar Avenue,chennai,Tamilnadu,India', 'inv-wdoj', '019-0068-20', '2015-06-02'),
('pres-uqjv', 'Alford', 25, 'Male', 'Devon Court,chennai,Tamilnadu,India', 'inv-8vxb', '360-5767-46', '2018-12-10'),
('pres-5bcv', 'Tara', 19, 'Female', 'Main Street,chennai,Tamilnadu,India', 'inv-vy85', '310-3855-39', '2017-01-28'),
('pres-ae4v', 'Myra', 21, 'Female', 'Route 1,chennai,Tamilnadu,India', 'inv-t3kk', '984-7742-78', '2019-11-18'),
('pres-z4pv', 'Emma', 19, 'Female', 'Highland Drive,chennai,Tamilnadu,India', 'inv-39i1', '911-4684-65', '2019-01-23'),
('pres-yx8v', 'Miranda', 28, 'Female', 'Briarwood Drive,chennai,Tamilnadu,India', 'inv-f0ht', '795-0002-05', '2015-10-07'),
('pres-bd7v', 'George', 20, 'Male', 'Highland Drive,chennai,Tamilnadu,India', 'inv-bu1x', '337-6114-55', '2019-06-25'),
('pres-ozuv', 'Grace', 23, 'Female', 'Olive Street,chennai,Tamilnadu,India', 'inv-aye3', '525-3223-31', '2020-03-08'),
('pres-j68v', 'Tyler', 25, 'Male', 'River Street,chennai,Tamilnadu,India', 'inv-aeck', '329-5240-13', '2015-08-01'),
('pres-m69v', 'Frederick', 26, 'Male', 'Charles Street,chennai,Tamilnadu,India', 'inv-v6bc', '100-5977-84', '2016-02-28'),
('pres-jq4v', 'Charlotte', 23, 'Female', 'Clay Street,chennai,Tamilnadu,India', 'inv-izvg', '983-2340-70', '2016-11-02'),
('pres-e5vv', 'Catherine', 30, 'Female', 'Cottage Street,chennai,Tamilnadu,India', 'inv-h38l', '008-4935-11', '2015-08-29'),
('pres-eutv', 'Nicole', 29, 'Female', 'Route 1,chennai,Tamilnadu,India', 'inv-rk52', '961-7755-71', '2019-06-18'),
('pres-czbv', 'Natalie', 27, 'Female', 'Route 30,chennai,Tamilnadu,India', 'inv-215u', '775-7676-94', '2020-02-19'),
('pres-24mv', 'Elise', 19, 'Female', 'Windsor Drive,chennai,Tamilnadu,India', 'inv-z4gy', '379-4952-51', '2015-01-05'),
('pres-5c8v', 'Ellia', 29, 'Female', 'Forest Street,chennai,Tamilnadu,India', 'inv-y924', '817-8348-44', '2018-06-03'),
(NULL, NULL, NULL, NULL, NULL, NULL, NULL, NULL),
(NULL, NULL, NULL, NULL, NULL, NULL, NULL, NULL),
(NULL, NULL, NULL, NULL, NULL, NULL, NULL, NULL),
(NULL, NULL, NULL, NULL, NULL, NULL, NULL, NULL);

-- --------------------------------------------------------

--
-- Table structure for table `prescription_detail`
--

CREATE TABLE `prescription_detail` (
  `pres_id` varchar(10) NOT NULL,
  `drug_name` varchar(20) DEFAULT NULL,
  `condition_` varchar(20) DEFAULT NULL,
  `dose` varchar(10) NOT NULL,
  `quantity` int(11) DEFAULT NULL,
  `doctor_name` varchar(20) NOT NULL
) ENGINE=InnoDB DEFAULT CHARSET=utf8mb4;

-- --------------------------------------------------------

--
-- Table structure for table `receipts`
--

CREATE TABLE `receipts` (
  `r_no` varchar(10) NOT NULL,
  `pres_id` varchar(10) NOT NULL,
  `drug` varchar(11) NOT NULL,
  `quantity` int(11) NOT NULL,
  `total` int(10) DEFAULT NULL,
  `pay_type` varchar(10) DEFAULT NULL,
  `served_by` varchar(20) DEFAULT NULL,
  `date` date DEFAULT NULL,
  `doctor_name` varchar(30) NOT NULL
) ENGINE=InnoDB DEFAULT CHARSET=utf8mb4;

--
-- Dumping data for table `receipts`
--

INSERT INTO `receipts` (`r_no`, `pres_id`, `drug`, `quantity`, `total`, `pay_type`, `served_by`, `date`, `doctor_name`) VALUES
('rec-00rr', 'pres-mp5v', 'Brisdelle', 2, 1988, 'cash', 's4', '2019-01-07', 'Dr. Sam Metcalf'),
('rec-0apq', 'pres-klsv', 'Levetiracet', 9, 1558, 'cash', 's2', '2019-04-19', 'Dr. Edward George Armstrong'),
('rec-0bdf', 'pres-oqkv', 'Lastacaft', 1, 589, 'cash', 's5', '2017-09-01', 'Dr. Jennifer Paige'),
('rec-0i2n', 'pres-e22v', 'Metoprolol', 5, 1860, 'cash', 's2', '2016-11-05', 'Dr. Mark Bellows'),
('rec-0iqm', 'pres-ynbv', 'EnteraGam', 9, 1331, 'cash', 's2', '2020-04-21', 'Dr. John \"Mossy\" Lawn'),
('rec-0sel', 'pres-wdxv', 'Acetaminoph', 8, 596, 'cash', 's2', '2016-10-23', 'Dr. John Quimper'),
('rec-0urz', 'pres-o1nv', 'BuSpar', 3, 1730, 'cash', 's6', '2015-10-19', 'Dr.christa'),
('rec-103j', 'pres-r9hv', 'Sodium oxyb', 10, 341, 'paytm', 's6', '2017-02-08', 'Dr. Heidegger'),
('rec-153b', 'pres-75tv', 'Effexor XR', 10, 626, 'cash', 's2', '2016-09-26', 'Dr. Henry Wu'),
('rec-16ra', 'pres-kkvv', 'Skyla', 10, 350, 'cash', 's5', '2016-10-28', 'Dr. Timothy Flyte'),
('rec-17gz', 'pres-5c8v', 'Yaz', 8, 1322, 'cash', 's7', '2018-06-03', 'Dr.jay'),
('rec-184p', 'pres-dwmv', 'Levonorgest', 10, 1119, 'cash', 's2', '2016-12-31', 'Dr. Clayton Danvers'),
('rec-1o25', 'pres-3huv', 'Levonorgest', 10, 1781, 'cash', 's4', '2016-03-10', 'Dr. Gonzo (honorary)'),
('rec-1p5u', 'pres-k2mv', 'Levonorgest', 10, 1314, 'cash', 's2', '2017-07-26', 'Dr. Ferdinand Bardamu'),
('rec-23ij', 'pres-ztmv', 'Lurasidone', 8, 490, 'cash', 's9', '2015-12-10', 'Dr. Henry Higgins'),
('rec-2dgi', 'pres-z4pv', 'Spironolact', 9, 1813, 'cash', 's2', '2019-01-23', 'Dr. Rashid'),
('rec-2e47', 'pres-7nvv', 'Cyclafem 1 ', 9, 237, 'debitcard', 's2', '2015-12-16', 'Dr. Peter Leavitt'),
('rec-2v5c', 'pres-gnnv', 'Bupropion', 5, 1308, 'cash', 's2', '2020-02-15', 'Dr. Ross Jennings'),
('rec-2vhe', 'pres-orhv', 'Clindamycin', 8, 1313, 'cash', 's2', '2018-10-27', 'Dr. Pipt'),
('rec-315v', 'pres-hkuv', 'Plan B One-', 8, 1385, 'paytm', 's7', '2015-04-04', 'Dr Petrie'),
('rec-31h5', 'pres-ph3v', 'Doxylamine ', 3, 1870, 'cash', 's3', '2018-04-02', 'Dr. Bernard Rieux'),
('rec-39i1', 'pres-jx1v', 'Actos', 4, 1848, 'debitcard', 's4', '2015-05-14', 'Dr. John Seward'),
('rec-3jg0', 'pres-vfqv', 'Phenazopyri', 10, 773, 'cash', 's9', '2018-01-11', 'Dr. Wellington Yueh'),
('rec-3lto', 'pres-voqv', 'Safyral', 5, 1720, 'cash', 's2', '2017-09-29', 'Dr.Louis'),
('rec-3rs7', 'pres-d7ov', 'Fluoxetine', 10, 1313, 'cash', 's9', '2016-06-20', 'Dr. Christopher Syn'),
('rec-49u3', 'pres-ae4v', 'Diazepam', 10, 1443, 'cash', 's5', '2019-11-18', 'Dr. Martin Arrowsmith'),
('rec-4ftu', 'pres-snsv', 'Venlafaxine', 1, 435, 'cash', 's5', '2015-03-03', 'Dr.Clayton Danvers'),
('rec-4g69', 'pres-usgv', 'Zoloft', 2, 288, 'cash', 's4', '2018-10-22', 'Dr. Edwin Spindrift'),
('rec-4hv8', 'pres-pxzv', 'Paroxetine', 1, 227, 'cash', 's2', '2020-03-03', 'Dr. Molyneaux'),
('rec-4wuq', 'pres-16jv', 'Spironolact', 10, 512, 'cash', 's4', '2016-10-04', 'Dr. Jennifer Paige'),
('rec-4xjp', 'pres-apqv', 'Miconazole', 6, 1935, 'cash', 's7', '2019-11-17', 'Dr. Pangloss'),
('rec-4zw4', 'pres-v5kv', 'Insulin inh', 1, 1769, 'paytm', 's5', '2019-09-10', 'Dr. Abraham Van Helsing'),
('rec-547x', 'pres-xi7v', 'Motrin IB', 9, 1351, 'cash', 's9', '2020-05-06', 'Dr. Jeremy Stone'),
('rec-55ww', 'pres-okwv', 'Etonogestre', 3, 1650, 'cash', 's9', '2018-01-02', 'Dr.Charles'),
('rec-5c9t', 'pres-7osv', 'Levora', 2, 914, 'cash', 's5', '2016-12-24', 'Emilia Ridderfjell\'s parents'),
('rec-5m6s', 'pres-ywcv', 'Aluminum ch', 7, 1991, 'paytm', 's7', '2017-12-25', 'Dr. Hastie Lanyon'),
('rec-60ah', 'pres-gygv', 'Benzoyl per', 4, 1534, 'cash', 's7', '2017-05-19', 'Dr. Leete'),
('rec-6a7f', 'pres-zb2v', 'Bupropion', 4, 903, 'gpay', 's5', '2015-08-02', 'Dr. Lao'),
('rec-6ck4', 'pres-agxv', 'Miconazole', 3, 1919, 'cash', 's5', '2017-03-09', 'Dr. Jefferson Jefferson'),
('rec-6ikm', 'pres-y7ev', 'Promethazin', 10, 414, 'cash', 's6', '2017-10-15', 'Dr. Rudy Bobrick'),
('rec-6s6a', 'pres-xh4v', 'Clonazepam', 10, 1536, 'debitcard', 's4', '2015-01-07', 'Dr. Grattan'),
('rec-6s8l', 'pres-2kkv', 'Drospirenon', 4, 578, 'creditcard', 's6', '2019-10-16', 'Dr. Moreau'),
('rec-6tl0', 'pres-eutv', 'Depo-Prover', 9, 1868, 'cash', 's4', '2019-06-18', 'Dr.Alice'),
('rec-6uay', 'pres-utcv', 'Drospirenon', 10, 613, 'debitcard', 's5', '2019-04-17', 'Dr. Jack Stapleton'),
('rec-75la', 'pres-0a5v', 'Ethinyl est', 5, 1685, 'cash', 's7', '2015-05-08', 'Dr. Grattan'),
('rec-77yp', 'pres-o0qv', 'Dextrometho', 2, 944, 'cash', 's2', '2016-10-02', 'Dr. Leslie Abbott'),
('rec-78no', 'pres-3quv', 'Tofacitinib', 9, 796, 'cash', 's6', '2019-10-11', 'Dr. Constantine'),
('rec-7ok4', 'pres-0jyv', 'Lurasidone', 6, 390, 'creditcard', 's9', '2016-03-11', 'Dr. Glas'),
('rec-7pxt', 'pres-5vev', 'Copper', 5, 609, 'creditcard', 's4', '2018-05-16', 'Dr. \"Doc\" Daneeka'),
('rec-7zlr', 'pres-px1v', 'Liraglutide', 9, 585, 'cash', 's9', '2019-09-24', 'Dr. Wellington Yueh'),
('rec-8dy7', 'pres-wb4v', 'Inderal', 10, 1213, 'cash', 's7', '2018-08-25', 'Dr.Doana'),
('rec-8nw6', 'pres-tb3v', 'Levitra', 4, 245, 'cash', 's5', '2016-01-16', 'Dr. Eli Blumfield'),
('rec-8vxb', 'pres-bl0v', 'Suprep Bowe', 8, 456, 'cash', 's7', '2015-09-23', 'Dr.christa'),
('rec-8vzc', 'pres-rriv', 'Escitalopra', 10, 764, 'cash', 's7', '2019-10-27', 'Dr.Smith'),
('rec-91zv', 'pres-moiv', 'Lo Loestrin', 10, 1849, 'cash', 's9', '2020-02-04', 'Dr. Glas'),
('rec-92cj', 'pres-ir1v', 'Montelukast', 9, 1955, 'cash', 's6', '2019-04-28', 'Dr. Harris'),
('rec-9308', 'pres-dnuv', 'Cyclosporin', 1, 822, 'paytm', 's7', '2016-05-28', 'Dr. Jim Parsons'),
('rec-9ia0', 'pres-uijv', 'Yasmin', 10, 1786, 'cash', 's9', '2018-09-29', 'Dr. Herbeau'),
('rec-9jyz', 'pres-ecsv', 'Methadone', 7, 1690, 'gpay', 's6', '2017-10-25', 'Dr. Stephen Maturin'),
('rec-9lbe', 'pres-x97v', 'Aripiprazol', 8, 462, 'cash', 's6', '2015-12-11', 'Dr. Robin Van Dorn'),
('rec-9rbw', 'pres-2m7v', 'Effexor XR', 2, 1918, 'cash', 's4', '2015-05-05', 'Dr. Bernard Rieux'),
('rec-a8c1', 'pres-zdyv', 'Bactrim', 1, 1850, 'cash', 's2', '2019-05-23', 'Dr.veronica'),
('rec-aeck', 'pres-f09v', 'Tesamorelin', 3, 1523, 'cash', 's6', '2018-07-03', 'Dr. T.J. Eckleburg'),
('rec-agp8', 'pres-af0v', 'Bupropion', 10, 1707, 'paytm', 's4', '2019-12-22', 'Dr.Radhika'),
('rec-aqm7', 'pres-mw3v', 'Glyburide', 9, 158, 'cash', 's9', '2015-03-03', 'Dr.Charles'),
('rec-awdp', 'pres-q4ev', 'Lo Loestrin', 1, 1931, 'cash', 's9', '2019-05-09', 'Dr. Pangloss'),
('rec-aye3', 'pres-p5av', 'Escitalopra', 9, 1558, 'cash', 's9', '2018-01-07', 'Dr. Victor Frankenstein'),
('rec-ayq4', 'pres-c08v', 'Phentermine', 10, 1846, 'cash', 's9', '2016-03-24', 'Dr.Dayal'),
('rec-b4qw', 'pres-qj5v', 'Clonidine', 10, 901, 'gpay', 's6', '2016-03-23', 'Dr.andrews'),
('rec-benv', 'pres-ozuv', 'Ethinyl est', 5, 1243, 'unpaid', 's5', '2020-03-08', 'Dr. Harris'),
('rec-bl0s', 'pres-3gyv', 'Kariva', 6, 1703, 'cash', 's2', '2019-07-25', 'Dr. Yuri Zhivago'),
('rec-bmpr', 'pres-lzvv', 'Ambien', 2, 651, 'cash', 's7', '2018-09-19', 'Dr. Lao'),
('rec-c91f', 'pres-tk3v', 'Pristiq', 7, 1876, 'cash', 's6', '2017-06-06', 'Dr. George'),
('rec-caqe', 'pres-xy5v', 'Ortho Tri-C', 9, 489, 'paytm', 's9', '2015-11-09', 'Dr. Darryl Zao'),
('rec-cb3t', 'pres-u9av', 'Pregabalin', 10, 327, 'cash', 's6', '2018-12-27', 'Dr. Leonard O\'Doull'),
('rec-cr0a', 'pres-gxjv', 'Ethinyl est', 9, 1396, 'cash', 's4', '2016-08-20', 'Dick Diver'),
('rec-ct4z', 'pres-yx8v', 'Quetiapine', 9, 1991, 'cash', 's7', '2015-10-07', 'Dr. Mark Bellows'),
('rec-cu2x', 'pres-rrqv', 'NuvaRing', 7, 801, 'cash', 's4', '2017-06-28', 'Dr. Gonzo (honorary)'),
('rec-d53z', 'pres-6isv', 'Etonogestre', 5, 1952, 'debitcard', 's2', '2015-05-01', 'Dr. Samuel Llewellyn Cornick'),
('rec-d7go', 'pres-9htv', 'ParaGard', 1, 1682, 'debitcard', 's6', '2019-02-14', 'Dr. John H. Watson'),
('rec-dhem', 'pres-00zv', 'Demerol', 10, 743, 'cash', 's2', '2018-06-26', 'Professor Bernhardi, and Docto'),
('rec-di3b', 'pres-kv8v', 'Seroquel', 10, 874, 'paytm', 's7', '2019-11-02', 'Dr. Jack Stapleton'),
('rec-dpfi', 'pres-bt3v', 'Trazodone', 1, 1169, 'paytm', 's9', '2020-05-06', 'Dr. Sam Weizak'),
('rec-dprt', 'pres-5liv', 'Tramadol', 1, 598, 'cash', 's7', '2017-06-26', 'Dr. T.J. Eckleburg'),
('rec-dz4h', 'pres-jzev', 'Yaz', 2, 383, 'cash', 's2', '2017-07-16', 'Dr. Darryl Zao'),
('rec-ecs7', 'pres-jnlv', 'Adapalene /', 2, 1030, 'cash', 's6', '2019-06-23', 'Dr.Charles'),
('rec-edg6', 'pres-lq2v', 'Pramipexole', 1, 163, 'creditcard', 's9', '2018-02-25', 'Dr. Jefferson Jefferson'),
('rec-ene5', 'pres-0qtv', 'Marezine', 10, 1504, 'cash', 's9', '2018-09-06', 'Dr. Peter Morgan'),
('rec-evrb', 'pres-c8lv', 'Phentermine', 9, 1250, 'cash', 's3', '2015-03-08', 'Dr. Samuel Llewellyn Cornick'),
('rec-f1hu', 'pres-6zlv', 'Duloxetine', 9, 1258, 'creditcard', 's7', '2017-08-12', 'Dr. Wellington Yueh'),
('rec-f2u9', 'pres-w2uv', 'Nexplanon', 3, 1579, 'cash', 's6', '2020-03-29', 'Dr. James Atherton'),
('rec-fisz', 'pres-r1ov', 'Implanon', 5, 1887, 'cash', 's4', '2015-02-09', 'Dr. Leo Krutz'),
('rec-fk5e', 'pres-sxyv', 'Ethinyl est', 8, 1457, 'cash', 's4', '2017-08-02', 'Dr. Victor Frankenstein'),
('rec-fltd', 'pres-l0pv', 'Miconazole', 1, 782, 'cash', 's9', '2020-03-10', 'Dr.Smith'),
('rec-g862', 'pres-7n2v', 'Azathioprin', 10, 1646, 'cash', 's9', '2019-06-04', 'Dr. Jack MacKee'),
('rec-g8u0', 'pres-g69v', 'Ciclopirox', 8, 2000, 'gpay', 's2', '2019-01-04', 'Dr. Herbeau'),
('rec-gfj8', 'pres-5bcv', 'Tinidazole', 5, 1279, 'paytm', 's6', '2017-01-28', 'Dr. Jeremy Stone'),
('rec-gg7y', 'pres-cj7v', 'Bactrim', 9, 699, 'cash', 's6', '2018-06-15', 'Dr. Charles Burton'),
('rec-gq5w', 'pres-lsyv', 'Acetaminoph', 9, 1697, 'cash', 's7', '2018-05-09', 'Dr. John Seward'),
('rec-gw5f', 'pres-7yov', 'Contrave', 9, 1771, 'creditcard', 's5', '2016-06-04', 'Dr. Mark Hall'),
('rec-gy83', 'pres-22tv', 'Tioconazole', 3, 624, 'cash', 's9', '2018-01-11', 'Dr. Henry Dreyfoos'),
('rec-h3kw', 'pres-j4fv', 'Acamprosate', 10, 1146, 'cash', 's9', '2018-12-06', 'Dr. Timothy Flyte'),
('rec-h48l', 'pres-a5uv', 'Levonorgest', 10, 923, 'cash', 's7', '2018-12-27', 'Dr. Constance Peterson'),
('rec-he6k', 'pres-08cv', 'Effexor XR', 1, 1027, 'unpaid', 's5', '2020-03-07', 'Dr. Montgomery Montgomery'),
('rec-hljr', 'pres-5tlv', 'Nifedipine', 1, 1171, 'gpay', 's6', '2015-07-14', 'Professor Bernhardi, and Docto'),
('rec-ibls', 'pres-f82v', 'Mesalamine', 8, 894, 'unpaid', 's9', '2019-03-20', 'Dr. Edward George Armstrong'),
('rec-ibxt', 'pres-i17v', 'Aldesleukin', 10, 917, 'cash', 's6', '2015-04-19', 'Dr. Jack Stapleton'),
('rec-irj9', 'pres-t22v', 'Klonopin', 6, 1065, 'cash', 's6', '2017-10-31', 'Dr. Jack Stapleton'),
('rec-itwx', 'pres-4pyv', 'Levonorgest', 8, 1395, 'unpaid', 's2', '2019-08-28', 'Dr. Edwin Spindrift'),
('rec-j7zd', 'pres-1n3v', 'Clonazepam', 6, 1227, 'cash', 's5', '2018-08-19', 'Dr. Henry Wu'),
('rec-jhwc', 'pres-h30v', 'Venlafaxine', 8, 1944, 'cash', 's9', '2019-04-29', 'Astrov'),
('rec-jo9i', 'pres-e4zv', 'Nicoderm CQ', 10, 350, 'cash', 's2', '2016-02-01', 'Dr. Heidegger'),
('rec-jyyh', 'pres-xhkv', 'Bupropion', 10, 523, 'cash', 's5', '2020-04-20', 'Dr. Heidegger'),
('rec-jzvg', 'pres-oi0v', 'Gabapentin', 8, 1419, 'paytm', 's2', '2016-07-16', 'Dr. Anthony Edwardes'),
('rec-k6ao', 'pres-mxzv', 'Sovaldi', 9, 1454, 'debitcard', 's9', '2015-02-03', 'Dr.Bondie'),
('rec-kca6', 'pres-6jpv', 'Phentermine', 10, 1720, 'cash', 's4', '2018-04-18', 'Dr. David Livesey'),
('rec-knw4', 'pres-838v', 'Microgestin', 3, 1604, 'cash', 's4', '2019-08-07', 'Dr. Sarah Lynch'),
('rec-ku91', 'pres-9i9v', 'Oxybutynin', 9, 746, 'cash', 's9', '2015-04-06', 'Doctor Blenkinsop'),
('rec-kubb', 'pres-porv', 'Tioconazole', 10, 590, 'cash', 's9', '2016-06-28', 'Dr. Fu Manchu'),
('rec-kvoq', 'pres-jq4v', 'ParaGard', 10, 977, 'cash', 's2', '2016-11-02', 'Dr. Susan Wheeler'),
('rec-l1o9', 'pres-sdwv', 'Depo-Prover', 10, 245, 'debitcard', 's9', '2018-02-18', 'Dr.sylvia'),
('rec-l2d8', 'pres-o9gv', 'Nuvigil', 9, 620, 'cash', 's5', '2018-03-22', 'Dr. Andrew Manson'),
('rec-l2m7', 'pres-e5vv', 'Propofol', 10, 1301, 'cash', 's4', '2015-08-29', 'Dr.Radhika'),
('rec-liup', 'pres-c91v', 'Mirtazapine', 10, 1032, 'cash', 's2', '2017-05-18', 'Dr.Finlay'),
('rec-lknd', 'pres-i74v', 'Aviane', 10, 381, 'cash', 's5', '2016-01-16', 'Dr.Doana'),
('rec-m7o1', 'pres-99kv', 'Beyaz', 10, 1633, 'cash', 's4', '2019-02-16', 'Doctor Blenkinsop'),
('rec-mf1y', 'pres-vpnv', 'Copper', 10, 868, 'cash', 's9', '2016-01-23', 'Dr. Tertius Lydgate'),
('rec-mpzw', 'pres-6sov', 'Magnesium c', 10, 1106, 'cash', 's7', '2019-12-20', 'Dr. Constance Peterson'),
('rec-mqnv', 'pres-li2v', 'Tamsulosin', 6, 969, 'cash', 's2', '2017-11-19', 'Dr. Tertius Lydgate'),
('rec-mr2l', 'pres-m69v', 'Gabapentin', 9, 1685, 'cash', 's9', '2016-02-28', 'Dr. Morelind'),
('rec-my02', 'pres-3izv', 'Blisovi Fe ', 10, 1530, 'cash', 's2', '2016-05-16', 'Dr. Mabuse'),
('rec-n32l', 'pres-b31v', 'Levonorgest', 10, 1830, 'cash', 's9', '2016-03-21', 'Dr. Richard Sturgess'),
('rec-n5fa', 'pres-23qv', 'Tylenol wit', 1, 1016, 'cash', 's4', '2019-03-13', 'Dr. Herbert West'),
('rec-nl1g', 'pres-vyfv', 'Copper', 6, 621, 'paytm', 's4', '2017-12-24', 'Dr. Martin Arrowsmith'),
('rec-nx23', 'pres-lztv', 'Desyrel', 6, 158, 'cash', 's6', '2017-10-26', 'Dr. Leete'),
('rec-obdr', 'pres-bd7v', 'Acetaminoph', 10, 1755, 'cash', 's6', '2019-06-25', 'Dr. George'),
('rec-obfs', 'pres-riiv', 'Zoloft', 1, 1875, 'cash', 's6', '2017-10-11', 'Dr. Hannibal Lecter'),
('rec-osqy', 'pres-tv5v', 'Linzess', 10, 1631, 'cash', 's5', '2018-09-26', 'Dr.Finlay'),
('rec-oten', 'pres-dpnv', 'Lamotrigine', 7, 1191, 'cash', 's6', '2016-09-29', 'Dr. Edwin Spindrift'),
('rec-p0tv', 'pres-0rqv', 'Levonorgest', 7, 1992, 'cash', 's5', '2016-02-07', 'Dr. Tertius Lydgate'),
('rec-p6qc', 'pres-lywv', 'Drospirenon', 4, 1523, 'cash', 's6', '2018-01-12', 'Dr. Constantine'),
('rec-phfb', 'pres-5s4v', 'Zyclara', 4, 808, 'gpay', 's7', '2017-09-29', 'Dr. Jeremy Stone'),
('rec-porh', 'pres-j68v', 'Estradiol', 10, 683, 'cash', 's9', '2015-08-01', 'Dr. Marcus'),
('rec-posh', 'pres-w3zv', 'Belviq', 1, 470, 'cash', 's2', '2020-01-12', 'Dr. \"Doc\" Daneeka'),
('rec-pygg', 'pres-68mv', 'Depakote', 8, 449, 'cash', 's6', '2019-10-30', 'Emilia Ridderfjell\'s parents'),
('rec-q6td', 'pres-w3rv', 'Afrezza', 10, 1678, 'cash', 's2', '2019-08-13', 'Dr.sylvia'),
('rec-qct5', 'pres-x1yv', 'Nitrofurant', 9, 551, 'cash', 's4', '2020-03-08', 'Dr. Jack Stapleton'),
('rec-qo3j', 'pres-pv4v', 'Prozac', 1, 1324, 'debitcard', 's6', '2016-06-22', 'Dr. Christopher Syn'),
('rec-qu31', 'pres-zujv', 'Topamax', 1, 1352, 'cash', 's7', '2017-05-19', 'Dr. Stephen Maturin'),
('rec-qv7p', 'pres-yfrv', 'Desvenlafax', 3, 396, 'cash', 's5', '2018-11-27', 'Dr. Darryl Zao'),
('rec-r178', 'pres-4m5v', 'Bacitracin ', 10, 1601, 'paytm', 's2', '2017-06-11', 'Dr. Jack Stapleton'),
('rec-r246', 'pres-4y7v', 'Buprenorphi', 10, 366, 'gpay', 's4', '2018-10-15', 'Dr. Rashid'),
('rec-r9hd', 'pres-p77v', 'Nucynta ER', 1, 692, 'gpay', 's2', '2018-01-23', 'Dr. Mabuse'),
('rec-rk62', 'pres-ijxv', 'Aubra', 1, 893, 'cash', 's2', '2016-03-15', 'Dr. Fu Manchu'),
('rec-rrii', 'pres-24mv', 'Adapalene /', 9, 1122, 'cash', 's6', '2015-01-05', 'Dr.Curdles'),
('rec-s76q', 'pres-dfhv', 'Ciprofloxac', 10, 606, 'creditcard', 's6', '2018-10-29', 'Dr. Jack Stapleton'),
('rec-s9ke', 'pres-x8bv', 'Celecoxib', 1, 1042, 'debitcard', 's6', '2016-07-22', 'Dr. Mabuse'),
('rec-sfhv', 'pres-k3iv', 'Orthovisc', 1, 1700, 'debitcard', 's2', '2015-07-10', 'Dr. Sid Handleman'),
('rec-srua', 'pres-y6iv', 'Sutent', 9, 360, 'cash', 's9', '2019-11-27', 'Dr. Gonzo (honorary)'),
('rec-sxi1', 'pres-4wbv', 'Valacyclovi', 9, 1334, 'cash', 's5', '2017-03-22', 'Dr. Martin Arrowsmith'),
('rec-t3kk', 'pres-bvwv', 'Lorcaserin', 5, 811, 'unpaid', 's9', '2019-08-04', 'Dr. Abraham Van Helsing'),
('rec-t4xz', 'pres-a6rv', 'Guaifenesin', 9, 334, 'cash', 's5', '2017-05-21', 'Dr. Horace Couchman'),
('rec-t5vy', 'pres-1x9v', 'Restoril', 1, 1813, 'paytm', 's4', '2018-02-07', 'Dr. Murray Kaplan'),
('rec-tfjx', 'pres-sopv', 'Amphetamine', 2, 1044, 'cash', 's7', '2019-10-29', 'Dr. Horace Couchman'),
('rec-tm85', 'pres-1wdv', 'Sertraline', 3, 1988, 'cash', 's7', '2015-03-21', 'Dr.Clifford'),
('rec-tmw3', 'pres-czbv', 'Propranolol', 10, 969, 'cash', 's9', '2020-02-19', 'Dr.Smith'),
('rec-txu2', 'pres-0z3v', 'Campral', 10, 1406, 'cash', 's6', '2018-12-06', 'Dr. Jack Stapleton'),
('rec-u09s', 'pres-hlqv', 'Depo-Prover', 6, 163, 'paytm', 's4', '2015-01-06', 'Dr Petrie'),
('rec-uaxi', 'pres-8d6v', 'Cryselle', 7, 1361, 'cash', 's6', '2016-10-21', 'Dr.Dayal'),
('rec-ubvg', 'pres-sesv', 'Oxycodone', 10, 356, 'cash', 's7', '2018-01-08', 'Dr. Pipt'),
('rec-us8n', 'pres-nltv', 'Humira', 10, 1550, 'paytm', 's5', '2015-07-23', 'Dr. Yuri Zhivago'),
('rec-utwm', 'pres-fzdv', 'Zoloft', 8, 1003, 'cash', 's7', '2017-03-07', 'Dr. Samuel Llewellyn Cornick'),
('rec-v0bu', 'pres-vntv', 'Jolessa', 9, 390, 'cash', 's7', '2015-05-08', 'Dr.Dayal'),
('rec-v69b', 'pres-rqlv', 'Sertraline', 10, 1024, 'paytm', 's7', '2016-10-13', 'Dr. Henry Jekyll'),
('rec-v8mz', 'pres-q3hv', 'Suboxone', 5, 176, 'paytm', 's4', '2015-06-02', 'Dr. Mark Hall'),
('rec-voag', 'pres-uqjv', 'Nexplanon', 9, 1183, 'paytm', 's9', '2018-12-10', 'Dr. Peter Leavitt'),
('rec-vy85', 'pres-ryev', 'Movantik', 1, 258, 'cash', 's9', '2019-08-21', 'Dr. Yuri Zhivago'),
('rec-w30k', 'pres-yvfv', 'Ziana', 10, 364, 'creditcard', 's7', '2017-03-08', 'Dr. Charles Burton'),
('rec-w6bc', 'pres-9kmv', 'Campral', 10, 828, 'cash', 's5', '2016-03-12', 'Dr. Herbert West'),
('rec-wemh', 'pres-n2jv', 'Minoxidil', 1, 1107, 'cash', 's2', '2016-11-28', 'Dr. Diana Walton'),
('rec-weoj', 'pres-urzv', 'Ivermectin', 10, 455, 'cash', 's5', '2016-06-17', 'Dr. Christopher Syn'),
('rec-wkm0', 'pres-gfiv', 'Chantix', 10, 1235, 'cash', 's2', '2015-03-20', 'Dr. Jack Stapleton'),
('rec-wvzf', 'pres-bcav', 'Ethinyl est', 4, 1372, 'cash', 's2', '2019-03-17', 'Dr. Gonzo (honorary)'),
('rec-wwnn', 'pres-tu9v', 'Lurasidone', 5, 307, 'paytm', 's6', '2015-11-09', 'Dr. Pipt'),
('rec-x1z7', 'pres-751v', 'Amitriptyli', 9, 1419, 'debitcard', 's9', '2018-02-22', 'Dr. Rashid'),
('rec-x2n5', 'pres-fr0v', 'Ethinyl est', 3, 1312, 'cash', 's9', '2020-02-05', 'Dr.Curdles'),
('rec-x902', 'pres-4f1v', 'Ultram', 10, 159, 'cash', 's2', '2018-03-09', 'Dr. Faustus'),
('rec-xjx1', 'pres-wl0v', 'Microgestin', 9, 635, 'cash', 's7', '2015-11-20', 'Dr. John Seward'),
('rec-xr18', 'pres-c9hv', 'Pristiq', 3, 1059, 'paytm', 's2', '2016-04-27', 'Dr. Horace Couchman'),
('rec-y924', 'pres-77pv', 'Microgestin', 1, 715, 'cash', 's9', '2017-07-27', 'Dr.Louis'),
('rec-yfbv', 'pres-gokv', 'Escitalopra', 10, 1023, 'cash', 's5', '2019-11-24', 'Dr. Abraham Van Helsing'),
('rec-yfzl', 'pres-v4ov', 'Wellbutrin', 8, 1506, 'cash', 's2', '2019-06-19', 'Dr. Ferdinand Bardamu'),
('rec-yrc9', 'pres-17fv', 'Ziprasidone', 10, 476, 'cash', 's5', '2019-01-18', 'Dr. John Dolittle'),
('rec-yx0q', 'pres-v6hv', 'Amitriptyli', 1, 190, 'cash', 's9', '2019-01-12', 'Dr. Constantine'),
('rec-yzef', 'pres-3snv', 'Vyvanse', 8, 211, 'cash', 's2', '2017-07-09', 'Dr. Henry Higgins'),
('rec-z4gy', 'pres-sgpv', 'Ethinyl est', 10, 470, 'gpay', 's6', '2017-08-05', 'Dr. Moreau'),
('rec-z5dx', 'pres-69jv', 'Riboflavin', 8, 1176, 'paytm', 's7', '2015-03-21', 'Dr. Molyneaux'),
('rec-zcq4', 'pres-xz1v', 'BuSpar', 4, 558, 'cash', 's7', '2015-02-27', 'Dr. Dillamond'),
('rec-zmo2', 'pres-u8dv', 'BuSpar', 10, 802, 'paytm', 's9', '2018-05-04', 'Dr. Anthony Edwardes'),
('rec-zxcs', 'pres-cqav', 'Aripiprazol', 1, 1684, 'cash', 's5', '2017-10-27', 'Dr. Almasaro');

-- --------------------------------------------------------

--
-- Table structure for table `stock`
--

CREATE TABLE `stock` (
  `stock_id` varchar(10) NOT NULL,
  `drug_name` varchar(20) DEFAULT NULL,
  `date_supplied` date DEFAULT NULL,
  `description` varchar(20) DEFAULT NULL,
  `supplier` varchar(40) NOT NULL,
  `quantity` int(11) DEFAULT NULL,
  `cost` float DEFAULT NULL,
  `availability` varchar(10) DEFAULT NULL
) ENGINE=InnoDB DEFAULT CHARSET=utf8mb4;

--
-- Dumping data for table `stock`
--

INSERT INTO `stock` (`stock_id`, `drug_name`, `date_supplied`, `description`, `supplier`, `quantity`, `cost`, `availability`) VALUES
('101149', 'Lurasidone', '2019-01-08', 'Bipolar Disorde', 'Ind-Swift Laboratories Ltd', 54, 7575, 'no'),
('101371', 'Movantik', '2019-12-07', 'Constipation, Drug I', 'Natco Pharma Ltd', 252, 23796, 'no'),
('102941', 'BuSpar', '2019-12-04', 'Anxiety', 'Ahlcon Parenterals (India) Ltd', 911, 9193, 'yes'),
('102969', 'Belviq', '2019-04-13', 'Weight Loss', 'Intas Pharmaceuticals Ltd', 409, 12408, 'yes'),
('103111', 'Dextromethorphan', '2019-10-28', 'Pain', 'Organon (India) Ltd', 811, 7218, 'yes'),
('103401', 'Bupropion', '2019-08-28', 'High Blood Pressure', 'Nicholas Piramal India Ltd', 307, 13737, 'yes'),
('104100', 'Elocon', '2019-01-06', 'Psoriasis', 'Wanbury Ltd', 684, 13026, 'yes'),
('104260', 'Augmentin', '2019-01-23', 'Skin or Soft Tissue ', 'Morepen Laboratories Ltd', 473, 21055, 'yes'),
('104580', 'Afrezza', '2019-09-22', 'Diabetes, Type 1', 'Flamingo Pharmaceuticals Ltd', 440, 6625, 'no'),
('10485', 'Tramadol', '2020-02-08', 'Chronic Pain', 'Indoco Remedies Ltd', 682, 15549, 'yes'),
('105440', 'Tofacitinib', '2019-01-15', 'Rheumatoid Arthritis', 'Mangalam Drugs & Organics Ltd', 467, 823, 'yes'),
('10545', 'Spironolactone', '2020-02-28', 'Acne', 'Morepen Laboratories Ltd', 306, 17694, 'yes'),
('106073', 'Etonogestrel', '2019-06-25', 'Birth Control', 'Granules India Ltd', 419, 24262, 'yes'),
('106078', 'Omnicef', '2019-03-30', 'Otitis Media', 'Blue Cross Laboratories Ltd', 601, 15519, 'yes'),
('107660', 'Campral', '2019-09-02', 'Alcohol Dependence', 'Syncom Formulations (India) Ltd', 265, 16319, 'yes'),
('107693', 'Vyvanse', '2019-06-09', 'ADHD', 'Emmellen Biotech Pharmaceuticals Ltd', 277, 715, 'yes'),
('108899', 'Drospirenone / ethin', '2019-12-11', 'Postmenopausal Sympt', 'Abbott India Ltd', 709, 9475, 'yes'),
('110030', 'Levonorgestrel', '2020-04-05', 'Birth Control', 'Paras Pharmaceuticals Ltd', 286, 6372, 'yes'),
('1103', 'Vilazodone', '2019-08-29', 'Major Depressive Dis', 'Mangalam Drugs & Organics Ltd', 645, 15018, 'yes'),
('112356', 'Pyridostigmine', '2019-02-22', 'Myasthenia Gravis', 'East India Pharmaceutical Works Ltd', 547, 13664, 'yes'),
('113665', 'Imiquimod', '2019-12-30', 'Human Papilloma Viru', 'Organon (India) Ltd', 558, 17457, 'yes'),
('11464', 'Etonogestrel', '2019-06-25', 'Birth Control', 'Kopran Ltd', 871, 12528, 'yes'),
('115012', 'Ethinyl estradiol / ', '2020-04-26', 'Birth Control', 'Ceejay Tobacco Ltd', 825, 23897, 'no'),
('115272', 'Metronidazole', '2019-04-06', 'Rosacea', 'Ajanta Pharma Ltd', 448, 12576, 'yes'),
('115374', 'Benzonatate', '2019-01-19', 'Cough', 'Ambalal Sarabhai Enterprises Ltd', 202, 22358, 'yes'),
('117213', 'Kapidex', '2019-08-13', 'GERD', 'Albert David Ltd', 122, 3568, 'yes'),
('118748', 'Adipex-P', '2020-02-20', 'Weight Loss', 'Medicamen Biotech Ltd', 749, 11111, 'yes'),
('118795', 'Ethinyl estradiol / ', '2019-04-16', 'Birth Control', 'Syncom Formulations (India) Ltd', 699, 3705, 'yes'),
('120460', 'Levofloxacin', '2019-03-02', 'Pneumonia', 'Elder Pharmaceuticals Ltd', 221, 17180, 'yes'),
('120889', 'Sertraline', '2019-08-12', 'Major Depressive Dis', 'Torrent Gujarat Biotech Ltd', 845, 3113, 'yes'),
('121298', 'Clomiphene', '2020-04-11', 'emale Infertility', 'Hiran Orgochem Ltd', 98, 22075, 'yes'),
('122089', 'Bactrim', '2019-06-18', 'Kidney Infections', 'Anglo-French Drugs & Inds', 349, 12701, 'yes'),
('124544', 'Miconazole', '2019-11-09', 'Vaginal Yeast Infect', 'Parenteral Drugs (India) Ltd', 578, 1178, 'yes'),
('126217', 'Paxil', '2019-08-02', 'Anxiety', 'GlaxoSmithKline Pharmaceuticals Ltd', 115, 14937, 'yes'),
('12626', 'Seroquel', '2019-05-27', 'Schizoaffective Diso', 'Unichem Laboratories Ltd', 546, 3392, 'yes'),
('128575', 'Ziprasidone', '2020-01-05', 'Schizophrenia', 'Suven Life Sciences Ltd', 93, 15784, 'yes'),
('128928', 'Bupropion', '2019-09-19', 'Osteoarthritis', 'Biddle Sawyer Ltd', 436, 8234, 'yes'),
('129438', 'Levonorgestrel', '2020-04-14', 'Emergency Contracept', 'Makers Laboratories Ltd', 681, 19168, 'yes'),
('129850', 'Yasmin', '2019-06-08', 'Bipolar Disorde', 'GlaxoSmithKline Pharmaceuticals Ltd', 514, 18837, 'yes'),
('130301', 'Suprep Bowel Prep Ki', '2019-09-25', 'Bowel Preparation', 'Indoco Remedies Ltd', 811, 22676, 'yes'),
('131523', 'Etonogestrel', '2019-06-23', 'Birth Control', 'Themis Medicare Ltd', 444, 506, 'no'),
('131683', 'Effexor XR', '2019-03-07', 'Anxiety', 'Li Taka Pharmaceuticals Ltd', 459, 2551, 'yes'),
('131772', 'Pristiq', '2019-08-17', 'Birth Control', 'Alchem International Ltd', 384, 4086, 'yes'),
('133232', 'Zoloft', '2019-12-31', 'Obsessive Compulsive', 'Bharat Serums & Vaccines Ltd', 150, 15585, 'yes'),
('133539', 'Lamotrigine', '2019-12-01', 'Bipolar Disorde', 'Paras Pharmaceuticals Ltd', 402, 16408, 'yes'),
('133845', 'Tramadol', '2019-04-13', 'Pain', 'Anuh Pharma Ltd', 809, 17602, 'no'),
('13407', 'Clonazepam', '2020-03-09', 'Anxiety', 'Zandu Pharmaceutical Works Ltd', 875, 8981, 'yes'),
('134836', 'Levonorgestrel', '2019-09-03', 'Birth Control', 'Elder Pharmaceuticals Ltd', 395, 12129, 'yes'),
('135063', 'Levonorgestrel', '2019-07-31', 'Bacterial Skin Infec', 'Unichem Laboratories Ltd', 896, 333, 'yes'),
('135690', 'Tri-Sprintec', '2019-07-28', '0</span> users found', 'Surya Pharmaceutical Ltd', 964, 17380, 'yes'),
('136044', 'Diazepam', '2020-02-15', 'Not Listed / Othe', 'Blue Cross Laboratories Ltd', 890, 15008, 'yes'),
('137706', 'Topiramate', '2019-08-08', 'Migraine Prevention', 'Anglo-French Drugs & Inds', 775, 4406, 'yes'),
('138243', 'Venlafaxine', '2020-04-13', 'Depression', 'Medicamen Biotech Ltd', 549, 18495, 'yes'),
('138742', 'Ethinyl estradiol / ', '2020-04-14', 'Osteoarthritis', 'Orchid Chemicals & Pharmaceuticals Ltd', 503, 10935, 'yes'),
('140329', 'Levonorgestrel', '2020-02-05', 'Birth Control', 'Ankur Drugs & Pharma Ltd', 322, 13253, 'yes'),
('140925', 'Lurasidone', '2019-12-07', 'Acne', 'Cipla Ltd', 491, 20762, 'yes'),
('141462', 'Sodium oxybate', '2019-02-26', 'Narcolepsy', 'Astrazeneca Pharma India Ltd', 168, 10442, 'yes'),
('143003', 'Campral', '2019-08-10', 'Alcohol Dependence', 'Jagsonpal Pharmaceuticals Ltd', 60, 11108, 'no'),
('14420', 'Propranolol', '2019-08-26', 'mance Anxiety', 'Panacea Biotec Ltd', 505, 8938, 'yes'),
('145099', 'Ethinyl estradiol / ', '2019-09-01', 'Birth Control', 'Parenteral Drugs (India) Ltd', 793, 13917, 'yes'),
('145956', 'Phenobarbital', '2020-04-29', 'Seizures', 'Astrazeneca Pharma India Ltd', 817, 16540, 'yes'),
('146651', 'Ethinyl estradiol / ', '2019-01-04', 'Birth Control', 'Blue Cross Laboratories Ltd', 988, 19895, 'yes'),
('147575', 'Pregabalin', '2019-05-14', 'Generalized Anxiety ', 'Anuh Pharma Ltd', 726, 2057, 'yes'),
('14924', 'Caffeine', '2020-03-25', 'Hypersomnia', 'Dishman Pharmaceuticals & Chemicals Ltd', 294, 421, 'yes'),
('151674', 'Levonorgestrel', '2019-04-17', 'Birth Control', 'Alembic Ltd', 799, 18764, 'yes'),
('15168', 'Doxylamine / pyridox', '2019-12-13', 'ADHD', 'Lupin Ltd', 708, 19773, 'yes'),
('152490', 'Nicoderm CQ', '2019-10-09', 'Smoking Cessation', 'U S V Ltd', 134, 5230, 'yes'),
('15423', 'Pramipexole', '2020-04-20', 'Restless Legs Syndro', 'Krebs Biochemicals & Inds', 361, 12608, 'yes'),
('156401', 'Viibryd', '2019-11-15', 'Depression', 'Shilpa Medicare Ltd', 630, 17221, 'yes'),
('156919', 'Cyclosporine', '2019-03-24', 'Keratoconjunctivitis', 'Aarti Drugs Ltd', 620, 4436, 'yes'),
('15765', 'Etonogestrel', '2019-07-03', 'Birth Control', 'Bal Pharma Ltd', 569, 2956, 'yes'),
('157670', 'Polyethylene glycol ', '2020-02-16', 'Bowel Preparation', 'Morepen Laboratories Ltd', 411, 19748, 'yes'),
('158346', 'Amphetamine / dextro', '2020-03-29', 'ADHD', 'Ankur Drugs & Pharma Ltd', 308, 12345, 'yes'),
('159489', 'Ethinyl estradiol / ', '2019-12-30', 'Birth Control', 'Flamingo Pharmaceuticals Ltd', 405, 24218, 'yes'),
('159628', 'Nexplanon', '2019-05-19', 'Migraine Prevention', 'Shilpa Medicare Ltd', 368, 8959, 'yes'),
('159659', 'Clindamycin', '2019-06-03', 'Acne', 'East India Pharmaceutical Works Ltd', 193, 593, 'yes'),
('159672', 'Aviane', '2020-03-24', 'Birth Control', 'Dr. Reddy\'s Laboratories Ltd', 133, 22814, 'yes'),
('163740', 'BuSpar', '2019-09-28', 'Anxiety', 'Ranbaxy Laboratories Ltd', 239, 12783, 'yes'),
('164015', 'Diphenhydramine', '2019-07-06', 'Insomnia', 'Bajaj Consumer Care Ltd', 220, 1573, 'yes'),
('165109', 'Ziana', '2019-02-21', 'Emergency Contracept', 'Marksans Pharma Ltd', 364, 23440, 'yes'),
('165665', 'Metoprolol', '2020-01-26', 'Renal Cell Carcinoma', 'Mangalam Drugs & Organics Ltd', 636, 18994, 'yes'),
('165767', 'Linzess', '2019-11-22', NULL, 'Ambalal Sarabhai Enterprises Ltd', 98, 1657, 'yes'),
('165916', 'Ropinirole', '2020-02-22', 'Restless Legs Syndro', 'Wanbury Ltd', 621, 13540, 'yes'),
('16674', 'Clarithromycin', '2019-04-19', 'Pneumonia', 'Arvind Remedies Ltd', 953, 4311, 'yes'),
('166983', 'Zoloft', '2019-05-14', 'Depression', 'Bajaj Consumer Care Ltd', 468, 906, 'yes'),
('167387', 'Aluminum chloride he', '2019-11-20', 'Hyperhidrosis', 'Emmellen Biotech Pharmaceuticals Ltd', 986, 13073, 'yes'),
('167823', 'Skyla', '2019-12-15', 'Birth Control', 'Ranbaxy Laboratories Ltd', 734, 12854, 'yes'),
('167908', 'Acetaminophen / hydr', '2019-02-17', 'Pain', 'Span Diagnostics Ltd', 225, 3407, 'no'),
('167965', 'Pristiq', '2019-01-17', 'Smoking Cessation', 'Ranbaxy Laboratories Ltd', 529, 10627, 'yes'),
('168177', 'Magnesium citrate', '2020-01-14', 'Migraine Prevention', 'Glenmark Pharmaceuticals Ltd', 371, 23993, 'yes'),
('168672', 'Suprep Bowel Prep Ki', '2019-11-11', 'Bowel Preparation', 'J K Pharmachem Ltd', 437, 11542, 'yes'),
('169001', 'Ethinyl estradiol / ', '2020-01-16', 'Birth Control', 'Blue Cross Laboratories Ltd', 864, 10109, 'yes'),
('169168', 'Sutent', '2020-04-28', 'Emergency Contracept', 'Biocon Ltd', 168, 22213, 'yes'),
('169852', 'Implanon', '2020-03-01', 'Birth Control', 'Aurobindo Pharma Ltd', 216, 18018, 'yes'),
('170146', 'Restasis', '2019-12-26', 'Keratoconjunctivitis', 'Kopran Ltd', 614, 16452, 'yes'),
('170238', 'Metoprolol', '2020-03-28', 'Benign Essential Tre', 'Natco Pharma Ltd', 248, 24584, 'yes'),
('171255', 'Accutane', '2019-10-30', 'Acne', 'Aarti Drugs Ltd', 315, 23278, 'yes'),
('17131', 'Bisacodyl', '2019-04-26', 'Constipation', 'Dr. Reddy\'s Laboratories Ltd', 326, 3381, 'yes'),
('171525', 'NuvaRing', '2020-03-02', 'Birth Control', 'Granules India Ltd', 513, 11790, 'yes'),
('173027', 'Escitalopram', '2019-01-14', 'Depression', 'T T K Healthcare Ltd', 410, 21747, 'yes'),
('173112', 'Tioconazole', '2019-09-11', 'Vaginal Yeast Infect', 'Core Healthcare Ltd', 208, 23490, 'yes'),
('173391', 'Chantix', '2019-12-30', 'Smoking Cessation', 'Divi\'S Laboratories Ltd', 746, 12804, 'no'),
('175354', 'Ciprofloxacin', '2019-07-02', 'Kidney Infections', 'Aurobindo Pharma Ltd', 981, 13796, 'yes'),
('176098', 'Montelukast', '2019-07-29', 'Pain', 'Ankur Drugs & Pharma Ltd', 76, 19396, 'yes'),
('177034', 'Ultram', '2019-02-04', 'Pain', 'Vivimed Labs Ltd', 116, 19739, 'yes'),
('178004', 'Clonazepam', '2020-04-07', 'Panic Disorde', 'Dabur Pharma Ltd', 907, 12857, 'yes'),
('17953', 'Pentasa', '2019-04-22', 'Crohn\'s Disease', 'Solvay Pharma India Ltd', 629, 8325, 'yes'),
('17957', 'Actos', '2020-01-06', 'Diabetes, Type 2', 'Dishman Pharmaceuticals & Chemicals Ltd', 931, 7872, 'yes'),
('179764', 'Lexapro', '2019-04-23', 'Depression', 'Lincoln Pharmaceuticals Ltd', 503, 20843, 'yes'),
('179979', 'Venlafaxine', '2020-02-02', 'Depression', 'R P G Life Sciences Ltd', 239, 11040, 'yes'),
('180154', 'Quetiapine', '2019-07-24', 'Bipolar Disorde', 'Solvay Pharma India Ltd', 508, 16678, 'yes'),
('181313', 'Drospirenone / ethin', '2019-09-26', 'Depression', 'Wyeth Ltd', 269, 13968, 'no'),
('181913', 'Ethinyl estradiol / ', '2019-11-14', 'Birth Control', 'Bharat Immunologicals & Biologicals Corp', 738, 18593, 'yes'),
('186353', 'Adapalene / benzoyl ', '2020-04-11', 'Birth Control', 'T T K Healthcare Ltd', 454, 19850, 'yes'),
('186587', 'Vitamin D2', '2019-01-14', 'Vitamin D Deficiency', 'Span Diagnostics Ltd', 797, 8752, 'no'),
('187095', 'Buprenorphine / nalo', '2019-05-26', 'Diabetes, Type 2', 'Bharat Serums & Vaccines Ltd', 854, 22792, 'yes'),
('187230', 'Klonopin', '2019-03-01', 'Bipolar Disorde', 'Panacea Biotec Ltd', 642, 23421, 'no'),
('188073', 'Gabapentin', '2019-03-20', 'Anxiety', 'Transchem Ltd', 815, 2159, 'yes'),
('188604', 'Nifedipine', '2020-01-26', 'Raynaud\'s Syndrome', 'Jupiter Bioscience Ltd', 97, 10585, 'yes'),
('188723', 'Lisinopril', '2019-05-10', 'Diabetic Kidney Dise', 'T T K Healthcare Ltd', 866, 14516, 'yes'),
('188968', 'Microgestin Fe 1 / 2', '2019-09-07', 'Birth Control', 'Ipca Laboratories Ltd', 181, 13423, 'yes'),
('189728', 'Depo-Provera', '2019-03-03', 'Birth Control', 'Novartis India Ltd', 401, 13414, 'yes'),
('190325', 'Plan B One-Step', '2019-07-09', 'Emergency Contracept', 'Fulford (India) Ltd', 50, 15646, 'no'),
('190527', 'Ambien', '2019-11-21', 'Insomnia', 'Merck Ltd', 524, 5903, 'yes'),
('190911', 'Pitocin', '2019-06-01', 'Labor Induction', 'Alchem International Ltd', 208, 11608, 'yes'),
('191095', 'Blisovi Fe 1 / 20', '2019-05-29', 'Birth Control', 'Surya Pharmaceutical Ltd', 694, 1266, 'no'),
('191146', 'Ethinyl estradiol / ', '2019-05-10', 'Birth Control', 'Bal Pharma Ltd', 259, 5145, 'yes'),
('191287', 'Levonorgestrel', '2019-12-26', 'Emergency Contracept', 'Sun Pharmaceutical Inds', 629, 15749, 'yes'),
('192374', 'Valacyclovir', '2020-04-12', NULL, 'Bajaj Consumer Care Ltd', 952, 7911, 'yes'),
('192633', 'Levetiracetam', '2019-07-31', 'Birth Control', 'Jagsonpal Pharmaceuticals Ltd', 95, 10525, 'yes'),
('194346', 'Etonogestrel', '2019-09-11', 'Birth Control', 'Cadila Healthcare Ltd', 908, 13070, 'yes'),
('194809', 'MiraLax', '2020-04-02', 'Constipation, Acute', 'Biddle Sawyer Ltd', 560, 22832, 'yes'),
('195055', 'Bupropion', '2020-03-08', 'Depression', 'Cooper labs', 431, 5538, 'yes'),
('195537', 'Lysteda', '2019-05-10', 'Menstrual Disorders', 'Arvind Remedies Ltd', 508, 2947, 'yes'),
('19559', 'Lurasidone', '2019-09-22', 'Schizophrenia', 'Ceejay Tobacco Ltd', 934, 16582, 'yes'),
('196802', 'Aripiprazole', '2019-10-08', 'Bipolar Disorde', 'Aventis Pharma Ltd', 834, 2666, 'yes'),
('197824', 'Gleevec', '2019-09-04', 'Chronic Myelogenous ', 'Ankur Drugs & Pharma Ltd', 581, 16333, 'yes'),
('198057', 'Adapalene / benzoyl ', '2019-09-18', 'Acne', 'Shasun Chemicals & Drugs Ltd', 756, 8177, 'yes'),
('199475', 'Diazepam', '2020-03-19', 'Meniere\'s Disease', 'Jagsonpal Pharmaceuticals Ltd', 752, 13371, 'yes'),
('201017', 'Desvenlafaxine', '2019-04-17', 'Pain', 'Strides Arcolab Ltd', 346, 14913, 'yes'),
('201473', 'Azathioprine', '2019-07-11', 'Vaginal Yeast Infect', 'Granules India Ltd', 256, 9107, 'yes'),
('201582', 'Cryselle', '2020-01-28', 'Endometriosis', 'Alchem International Ltd', 537, 21187, 'yes'),
('202002', 'Tesamorelin', '2019-11-17', 'Lipodystrophy', 'Ambalal Sarabhai Enterprises Ltd', 699, 3979, 'yes'),
('204311', 'Phentermine / topira', '2020-02-10', 'Hot Flashes', 'Aarti Drugs Ltd', 90, 2039, 'yes'),
('204427', 'Effexor XR', '2020-01-15', 'Depression', 'Gufic Biosciences Ltd', 711, 22241, 'yes'),
('204466', 'Depo-Provera', '2020-05-07', 'Major Depressive Dis', 'Kopran Ltd', 913, 1480, 'yes'),
('205428', 'Suboxone', '2019-02-11', 'Opiate Dependence', 'R P G Life Sciences Ltd', 169, 624, 'yes'),
('205505', 'Yaz', '2019-04-12', 'Menstrual Disorders', 'Strides Arcolab Ltd', 445, 4236, 'yes'),
('206473', 'Acetaminophen / hydr', '2019-08-10', 'Pain', 'Cipla Ltd', 108, 16393, 'yes'),
('206605', 'Nexplanon', '2019-01-10', 'Birth Control', 'Krebs Biochemicals & Inds', 604, 7941, 'yes'),
('207893', 'Clindamycin', '2019-02-23', 'Skin or Soft Tissue ', 'Amrutanjan Ltd', 329, 9375, 'no'),
('207923', 'Aripiprazole', '2019-03-16', 'Bipolar Disorde', 'Wyeth Ltd', 861, 19638, 'yes'),
('208087', 'Tioconazole', '2019-11-09', 'Vaginal Yeast Infect', 'Lupin Ltd', 290, 17820, 'yes'),
('209386', 'Ortho Tri-Cyclen Lo', '2019-12-06', 'Birth Control', 'Bajaj Consumer Care Ltd', 533, 22232, 'yes'),
('210167', 'Quetiapine', '2019-07-17', 'Generalized Anxiety ', 'Venkat Pharma Ltd', 245, 22223, 'yes'),
('211675', 'Ciprofloxacin', '2019-02-13', 'Urinary Tract Infect', 'Shasun Chemicals & Drugs Ltd', 635, 13262, 'no'),
('213376', 'Phenazopyridine', '2020-03-06', 'Interstitial Cystiti', 'Matrix Laboratories Ltd', 428, 899, 'yes'),
('213569', 'Phentermine', '2019-08-10', 'Obesity', 'Transchem Ltd', 761, 6154, 'yes'),
('214067', 'Asenapine', '2019-01-06', 'Bipolar Disorde', 'Vivimed Labs Ltd', 214, 4269, 'no'),
('214538', 'Sertraline', '2019-01-31', 'Birth Control', 'Core Healthcare Ltd', 354, 2491, 'no'),
('214584', 'Levitra', '2019-10-09', 'Panic Disorde', 'Dishman Pharmaceuticals & Chemicals Ltd', 459, 16433, 'yes'),
('214843', 'Pazopanib', '2019-04-03', 'Soft Tissue Sarcoma', 'Li Taka Pharmaceuticals Ltd', 219, 8754, 'no'),
('215685', 'Escitalopram', '2019-11-12', 'ADHD', 'Aventis Pharma Ltd', 342, 15292, 'yes'),
('215782', 'Tylenol with Codeine', '2020-02-24', 'Migraine Prevention', 'Alembic Ltd', 266, 620, 'yes'),
('215892', 'Orthovisc', '2019-09-17', 'Osteoarthritis', 'Cadila Healthcare Ltd', 296, 6341, 'yes'),
('217603', 'Clotrimazole', '2019-12-30', 'Oral Thrush', 'Suven Life Sciences Ltd', 68, 7130, 'yes'),
('21821', 'Tioconazole', '2020-02-13', 'Birth Control', 'U S V Ltd', 379, 12991, 'yes'),
('218886', 'Prozac', '2020-05-05', 'Pain', 'Aurobindo Pharma Ltd', 619, 15191, 'yes'),
('219567', 'Duloxetine', '2020-01-03', 'Pain', 'Neuland Laboratories Ltd', 738, 12417, 'yes'),
('219697', 'BuSpar', '2019-06-13', 'Bipolar Disorde', 'Torrent Pharmaceuticals Ltd', 743, 12992, 'yes'),
('221339', 'Vilazodone', '2019-12-12', 'Depression', 'Wyeth Ltd', 532, 7995, 'yes'),
('221626', 'Clonazepam', '2019-10-04', 'Anxiety', 'Johnson & Johnson', 418, 17702, 'yes'),
('222701', 'Nucynta ER', '2019-07-16', 'Diabetes, Type 1', 'Cadila Healthcare Ltd', 859, 15799, 'yes'),
('223117', 'Levonorgestrel', '2019-05-02', 'Birth Control', 'Neuland Laboratories Ltd', 471, 5883, 'yes'),
('223540', 'Spironolactone', '2019-01-21', 'Acne', 'Nicholas Piramal India Ltd', 404, 7893, 'yes'),
('224041', 'Symbyax', '2019-01-09', 'Bipolar Disorde', 'Themis Medicare Ltd', 868, 13921, 'yes'),
('224062', 'BuSpar', '2019-09-27', 'Interstitial Cystiti', 'Sun Pharmaceutical Inds', 70, 19717, 'yes'),
('224823', 'Liraglutide', '2020-05-02', 'Smoking Cessation', 'Pfizer Ltd', 932, 2271, 'yes'),
('224904', 'Safyral', '2019-07-23', 'Depression', 'Intas Pharmaceuticals Ltd', 544, 16106, 'yes'),
('225258', 'Effexor XR', '2019-08-08', 'Weight Loss', 'Merck Ltd', 790, 19024, 'yes'),
('225775', 'Implanon', '2019-01-26', 'Birth Control', 'Solvay Pharma India Ltd', 258, 4080, 'yes'),
('225793', 'Zoloft', '2019-09-17', 'Cough and Nasal Cong', 'Shasun Chemicals & Drugs Ltd', 466, 596, 'yes'),
('226299', 'Aubra', '2019-03-19', 'Birth Control', 'Arvind Remedies Ltd', 106, 22089, 'yes'),
('227136', 'Aviane', '2019-02-08', 'Birth Control', 'Amrutanjan Ltd', 208, 21234, 'yes'),
('22756', 'Denosumab', '2020-02-20', 'Osteoporosis', 'Cipla Ltd', 608, 4936, 'yes'),
('229572', 'Tamsulosin', '2019-12-30', 'Benign Prostatic Hyp', 'Bharat Serums & Vaccines Ltd', 766, 20293, 'yes'),
('229587', 'Nexplanon', '2019-05-13', 'Birth Control', 'Arvind Remedies Ltd', 442, 8469, 'yes'),
('229975', 'Nuvigil', '2019-09-18', 'Narcolepsy', 'J B Chemicals & Pharmaceuticals Ltd', 964, 7499, 'yes'),
('229996', 'Nitrofurantoin', '2019-01-26', 'Bladder Infection', 'Core Healthcare Ltd', 78, 23284, 'yes'),
('230361', 'Topiramate', '2020-01-10', 'Migraine Prevention', 'Fulford (India) Ltd', 267, 534, 'no'),
('230576', 'Motrin IB', '2020-02-12', 'Depression', 'Themis Medicare Ltd', 784, 9677, 'no'),
('230601', 'Estradiol', '2019-11-10', 'Postmenopausal Sympt', 'Unichem Laboratories Ltd', 418, 15598, 'yes'),
('231397', 'Levonorgestrel', '2019-09-19', 'Emergency Contracept', 'Novartis India Ltd', 448, 8979, 'yes'),
('23295', 'Marezine', '2020-01-13', 'Motion Sickness', 'Sun Pharmaceutical Inds', 497, 10901, 'yes'),
('24298', 'Prenatal Plus', '2019-02-19', 'Vitamin/Mineral Supp', 'Makers Laboratories Ltd', 352, 10319, 'yes'),
('24509', 'Ambien', '2019-05-09', 'Insomnia', 'Torrent Gujarat Biotech Ltd', 805, 12890, 'yes'),
('25240', 'Microgestin Fe 1.5 /', '2019-03-25', 'Birth Control', 'Morepen Laboratories Ltd', 197, 5071, 'no'),
('26989', 'Zoloft', '2019-09-28', 'Depression', 'Hiran Orgochem Ltd', 858, 1263, 'yes'),
('27607', 'EnteraGam', '2019-03-06', 'Irritable Bowel Synd', 'Elder Pharmaceuticals Ltd', 107, 22357, 'no'),
('28898', 'Microgestin Fe 1 / 2', '2019-09-27', 'Birth Control', 'Albert David Ltd', 834, 8354, 'yes'),
('29210', 'Serzone', '2020-05-07', 'Depression', 'Kopran Ltd', 233, 2661, 'yes'),
('29756', 'Sprintec', '2019-03-03', 'Ovarian Cysts', 'Lupin Ltd', 943, 8226, 'yes'),
('30401', 'Ethinyl estradiol / ', '2019-07-05', 'Birth Control', 'Glenmark Pharmaceuticals Ltd', 278, 16001, 'yes'),
('31465', 'Tinidazole', '2019-04-01', 'Bacterial Vaginitis', 'Fulford (India) Ltd', 236, 24089, 'yes'),
('31908', 'Gabapentin', '2020-03-21', 'Bipolar Disorde', 'Marksans Pharma Ltd', 842, 13293, 'yes'),
('31947', 'Minoxidil', '2020-02-21', 'High Blood Pressure', 'Ipca Laboratories Ltd', 428, 4074, 'yes'),
('32246', 'Depo-Provera', '2019-12-13', 'Endometriosis', 'Li Taka Pharmaceuticals Ltd', 304, 6411, 'yes'),
('33173', 'Clonidine', '2019-01-19', 'ADHD', 'Torrent Pharmaceuticals Ltd', 316, 18993, 'yes'),
('33395', 'Genvoya', '2020-01-10', 'HIV Infection', 'Lyka Labs Ltd', 933, 10349, 'yes'),
('3350', 'Levonorgestrel', '2019-04-28', 'Emergency Contracept', 'R P G Life Sciences Ltd', 226, 10993, 'yes'),
('33560', 'Miconazole', '2019-09-06', 'Birth Control', 'Dr. Reddy\'s Laboratories Ltd', 231, 9885, 'yes'),
('34479', 'Venlafaxine', '2019-09-24', 'Depression', 'J K Pharmachem Ltd', 78, 9362, 'yes'),
('35120', 'Enbrel', '2020-01-25', 'Psoriatic Arthritis', 'Fulford (India) Ltd', 444, 17232, 'yes'),
('35608', 'Microgestin Fe 1 / 2', '2019-05-16', 'Acne', 'F D C Ltd', 549, 16980, 'yes'),
('36268', 'Desvenlafaxine', '2019-09-20', 'Depression', 'East India Pharmaceutical Works Ltd', 323, 7300, 'yes'),
('37326', 'Ethinyl estradiol / ', '2019-09-24', 'Birth Control', 'Albert David Ltd', 589, 2525, 'yes'),
('37351', 'Hyoscyamine / methen', '2019-10-31', 'Urinary Tract Infect', 'Themis Medicare Ltd', 808, 21966, 'yes'),
('38116', 'Celecoxib', '2019-04-16', 'Osteoarthritis', 'Abbott India Ltd', 627, 15889, 'yes'),
('38461', 'Brisdelle', '2019-06-28', 'Vaginal Yeast Infect', 'Venkat Pharma Ltd', 792, 5454, 'yes'),
('39293', 'Inderal', '2019-04-20', 'Migraine Prevention', 'GlaxoSmithKline Pharmaceuticals Ltd', 957, 14405, 'no'),
('41991', 'Beyaz', '2019-07-25', 'Birth Control', 'Johnson & Johnson', 421, 9271, 'yes'),
('44179', 'Escitalopram', '2020-04-21', 'ibromyalgia', 'F D C Ltd', 307, 19280, 'yes'),
('45260', 'Zoloft', '2019-10-28', 'Psoriatic Arthritis', 'Lupin Ltd', 215, 1735, 'yes'),
('4554', 'Tessalon Perles', '2019-09-12', 'Cough', 'Bharat Immunologicals & Biologicals Corp', 871, 6900, 'yes'),
('46619', 'Keflex', '2019-08-17', 'Bacterial Infection', 'Ahlcon Parenterals (India) Ltd', 930, 4068, 'yes'),
('46742', 'Benzoyl peroxide / c', '2019-03-15', 'Acne', 'Albert David Ltd', 439, 20388, 'no'),
('4907', 'Humira', '2019-08-28', 'Psoriatic Arthritis', 'Pfizer Ltd', 306, 10850, 'yes'),
('50229', 'Ivermectin', '2019-04-27', 'Rosacea', 'Ajanta Pharma Ltd', 203, 12690, 'yes'),
('50635', 'Fluorouracil', '2019-07-08', 'Actinic Keratosis', 'Gufic Biosciences Ltd', 472, 11014, 'yes'),
('51992', 'Naprosyn', '2020-04-22', 'Back Pain', 'Krebs Biochemicals & Inds', 159, 22197, 'yes'),
('53409', 'Acetaminophen / buta', '2019-11-28', 'Headache', 'Zandu Pharmaceutical Works Ltd', 949, 8250, 'yes'),
('5357', 'Wellbutrin', '2020-02-18', 'Major Depressive Dis', 'Solvay Pharma India Ltd', 296, 7000, 'yes'),
('53685', 'Vyvanse', '2019-06-27', 'Diabetic Peripheral ', 'Albert David Ltd', 274, 21484, 'yes'),
('5486', 'Gabapentin', '2019-02-12', 'ibromyalgia', 'Merck Ltd', 444, 13589, 'yes'),
('56193', 'Oxycodone', '2020-01-21', 'Birth Control', 'Kudos Chemie Ltd', 820, 5420, 'no'),
('57137', 'Belviq', '2019-11-12', 'Weight Loss', 'Parenteral Drugs (India) Ltd', 543, 20128, 'yes'),
('58200', 'ParaGard', '2019-09-09', 'Birth Control', 'Lyka Labs Ltd', 684, 7464, 'yes'),
('58280', 'Bupropion', '2020-03-27', 'Nausea/Vomiting', 'Lincoln Pharmaceuticals Ltd', 889, 11421, 'yes'),
('58995', 'Restoril', '2019-01-02', 'Constipation', 'Neuland Laboratories Ltd', 548, 24737, 'yes'),
('60341', 'Ciclopirox', '2020-01-27', 'Onychomycosis, Finge', 'Nectar Lifesciences Ltd', 993, 7586, 'yes'),
('62652', 'Ethinyl estradiol / ', '2019-02-02', 'Birth Control', 'Dr. Reddy\'s Laboratories Ltd', 52, 6805, 'no'),
('64109', 'ParaGard', '2019-01-14', 'Birth Control', 'J B Chemicals & Pharmaceuticals Ltd', 601, 17841, 'yes'),
('65334', 'Aldesleukin', '2019-02-20', 'Birth Control', 'Panacea Biotec Ltd', 840, 18620, 'yes'),
('66036', 'Ayr Saline Nasal', '2019-11-09', 'Nasal Congestion', 'Marksans Pharma Ltd', 809, 20877, 'yes'),
('66458', 'Depo-Provera', '2019-05-07', 'Birth Control', 'F D C Ltd', 608, 14348, 'yes'),
('66736', 'Insulin inhalation, ', '2019-03-12', 'Diabetes, Type 1', 'Biocon Ltd', 906, 19922, 'yes'),
('6760', 'Desyrel', '2020-04-27', 'Birth Control', 'J B Chemicals & Pharmaceuticals Ltd', 782, 1387, 'yes'),
('68412', 'Gabapentin', '2020-04-24', 'Pain', 'Zandu Pharmaceutical Works Ltd', 683, 17272, 'yes'),
('6971', 'Lastacaft', '2020-04-14', 'Conjunctivitis, Alle', 'Amrutanjan Ltd', 611, 9518, 'yes'),
('70424', 'Propofol', '2019-02-27', 'Anesthesia', 'Divi\'S Laboratories Ltd', 330, 15179, 'yes'),
('70808', 'Sovaldi', '2019-12-04', 'Anxiety', 'Parenteral Drugs (India) Ltd', 703, 5706, 'yes'),
('71206', 'Methotrexate', '2019-10-15', 'Psoriasis', 'Nicholas Piramal India Ltd', 970, 24195, 'yes'),
('71428', 'Levonorgestrel', '2019-12-17', 'Birth Control', 'Wockhardt Ltd', 312, 14841, 'yes'),
('72043', 'Demerol', '2019-04-08', 'Depression', 'Cadila Healthcare Ltd', 413, 8829, 'yes'),
('72178', 'Monistat 3-Day Combi', '2019-04-09', 'Vaginal Yeast Infect', 'Mangalam Drugs & Organics Ltd', 992, 19012, 'yes'),
('72195', 'Tretinoin', '2019-08-09', 'Acne', 'Alchem International Ltd', 974, 12051, 'yes'),
('75416', 'Nalbuphine', '2019-11-19', 'Pain', 'Shilpa Medicare Ltd', 967, 10540, 'yes'),
('77164', 'Oxybutynin', '2019-07-26', 'Hyperhidrosis', 'Ind-Swift Ltd', 824, 19137, 'yes'),
('79569', 'Lorcaserin', '2020-02-19', NULL, 'Organon (India) Ltd', 276, 3402, 'yes'),
('79865', 'Trazodone', '2020-05-05', 'Insomnia', 'Strides Arcolab Ltd', 408, 5828, 'yes'),
('80198', 'Gabapentin', '2019-02-16', 'Anxiety', 'Jupiter Bioscience Ltd', 591, 14561, 'no'),
('81226', 'Tramadol', '2019-06-16', 'Major Depressive Dis', 'Matrix Laboratories Ltd', 381, 9545, 'yes'),
('81808', 'Acamprosate', '2020-04-04', 'Birth Control', 'GlaxoSmithKline Pharmaceuticals Ltd', 302, 12297, 'yes'),
('83706', 'Zofran', '2019-11-12', 'Nausea/Vomiting', 'Zandu Pharmaceutical Works Ltd', 169, 1559, 'yes'),
('85618', 'Lo Loestrin Fe', '2019-01-31', 'Motion Sickness', 'Cipla Ltd', 737, 17989, 'yes'),
('95748', 'Skyla', '2019-07-18', 'Birth Control', 'Wanbury Ltd', 542, 17228, 'yes'),
('9695', 'Glyburide', '2020-01-24', 'Birth Control', 'Divi\'S Laboratories Ltd', 726, 10255, 'yes'),
('96970', 'Zoloft', '2019-10-03', 'Depression', 'Core Healthcare Ltd', 407, 24030, 'no'),
('97013', 'Acetaminophen / hydr', '2019-02-23', 'Pain', 'Orchid Chemicals & Pharmaceuticals Ltd', 667, 5556, 'no'),
('9723', 'Kariva', '2019-08-16', 'Birth Control', 'Wockhardt Ltd', 299, 5155, 'yes'),
('97768', 'Promethazine', '2019-04-12', 'Nausea/Vomiting', 'Nicholas Piramal India Ltd', 235, 19895, 'yes'),
('98320', 'Flexeril', '2019-04-18', 'Sciatica', 'Kudos Chemie Ltd', 806, 19865, 'yes'),
('99363', 'Minocycline', '2020-02-06', 'Rheumatoid Arthritis', 'Bharat Serums & Vaccines Ltd', 66, 2801, 'yes');

-- --------------------------------------------------------

--
-- Table structure for table `user`
--

CREATE TABLE `user` (
  `username` varchar(10) NOT NULL,
  `password` varchar(10) DEFAULT NULL,
  `address` varchar(30) DEFAULT NULL,
  `email` varchar(20) DEFAULT NULL,
  `date_joined` date DEFAULT NULL,
  `salary` int(10) DEFAULT NULL
) ENGINE=InnoDB DEFAULT CHARSET=utf8mb4;

--
-- Dumping data for table `user`
--

INSERT INTO `user` (`username`, `password`, `address`, `email`, `date_joined`, `salary`) VALUES
('s1', 'hel23@w', 'Cedar Lane,chennai,tamilnadu,I', 'h.ellis@randatmail.c', '2015-12-16', 26),
('s2', 'Yhiwe1', 'Grand Avenue,chennai,tamilnadu', 'j.parker@randatmail.', '2018-02-22', 10),
('s3', 'Semi23', 'Highland Drive,chennai,tamilna', 'a.andrews@randatmail', '2015-05-18', 17),
('s4', 'stel00p', 'Andover Court,chennai,tamilnad', 'a.johnston@randatmai', '2016-06-04', 8),
('s5', 'eEe238', 'Franklin Court,chennai,tamilna', 'fenol23@email.com', '2017-12-24', 10),
('s6', '6yhyu6', 'Grand Avenue,chennai,tamilnadu', 'a.murphy@randatmail.', '2017-09-29', 7),
('s7', '86_hel', 'plason Avenue,chennai,tamilnad', 'e.henderson@randatma', '2017-10-25', 9),
('s8', 'canny12', 'Ann Street,chennai,tamilnadu,I', 'm.mitchell@randatmai', '2018-06-15', 13),
('s9', 'GGu8u8', 'Franklin Court,chennai,tamilna', 'f.mason@randatmail.c', '2019-03-20', 4);

-- --------------------------------------------------------

--
-- Table structure for table `users`
--

CREATE TABLE `users` (
  `id` int(11) NOT NULL,
  `username` varchar(50) NOT NULL,
  `password` varchar(225) NOT NULL,
  `created_at` datetime DEFAULT current_timestamp()
) ENGINE=InnoDB DEFAULT CHARSET=utf8mb4;

--
-- Dumping data for table `users`
--

INSERT INTO `users` (`id`, `username`, `password`, `created_at`) VALUES
(6, 's1', '$2y$10$KNPXQw7zGizM3/PhkQvUt.xfo82IGqViDQzVuaiu12G8LkCwcMJw6', '2020-05-12 14:51:20'),
(7, 's2', '$2y$10$DG46zf3rxsyR6hIScj.XGusmhXdxXs9U22YZEkjQcjIi17Xu3GMBO', '2020-05-12 14:52:24'),
(8, 's3', '$2y$10$A5jkrK5WfaIn0rWn9S2Lveqlxl/37dpOXcxW09HFqs6XdDPwWfSbO', '2020-05-12 14:53:15'),
(9, 's4', '$2y$10$T7S0iUmN2b/lYtbmw3Mv4uQV3EYU2lX5WF0JgmWdw81KGlS/dOKf6', '2020-05-12 14:53:59'),
(10, 's5', '$2y$10$Bd18c91wjmNPHNfY5Yfuhe1XZuj/gy0DsOwj2CKjfzmDUvykuYPi2', '2020-05-12 14:55:13'),
(11, 's6', '$2y$10$6huo3AN82JpG.taAQqN0TemECzAu.v/ig2tTbKQszFFPKZ17B.7A.', '2020-05-12 14:56:11'),
(12, 's7', '$2y$10$Ut7Uflm1r/na5a4gjA.9Mega4dS7NxM2u4xdbMtnLSgftj1X3i6B6', '2020-05-12 14:56:46'),
(13, 's8', '$2y$10$FUACpaizbMZLzUfiNjtcyeImFjLQbcWiBreaCOBQduxoe9thlpeUa', '2020-05-12 14:57:31'),
(14, 's9', '$2y$10$s.ixIuzYvKvvywIb5D9vbO21iJ8hc3o.5xJ3cxZb0nrrdihBdsy8W', '2020-05-12 14:58:35');

--
-- Indexes for dumped tables
--

--
-- Indexes for table `invoice`
--
ALTER TABLE `invoice`
  ADD PRIMARY KEY (`inv_id`);

--
-- Indexes for table `prescription_detail`
--
ALTER TABLE `prescription_detail`
  ADD PRIMARY KEY (`pres_id`);

--
-- Indexes for table `receipts`
--
ALTER TABLE `receipts`
  ADD PRIMARY KEY (`r_no`);

--
-- Indexes for table `stock`
--
ALTER TABLE `stock`
  ADD PRIMARY KEY (`stock_id`);

--
-- Indexes for table `user`
--
ALTER TABLE `user`
  ADD PRIMARY KEY (`username`),
  ADD UNIQUE KEY `email` (`email`);

--
-- Indexes for table `users`
--
ALTER TABLE `users`
  ADD PRIMARY KEY (`id`),
  ADD UNIQUE KEY `username` (`username`);

--
-- AUTO_INCREMENT for dumped tables
--

--
-- AUTO_INCREMENT for table `users`
--
ALTER TABLE `users`
  MODIFY `id` int(11) NOT NULL AUTO_INCREMENT, AUTO_INCREMENT=15;
COMMIT;

/*!40101 SET CHARACTER_SET_CLIENT=@OLD_CHARACTER_SET_CLIENT */;
/*!40101 SET CHARACTER_SET_RESULTS=@OLD_CHARACTER_SET_RESULTS */;
/*!40101 SET COLLATION_CONNECTION=@OLD_COLLATION_CONNECTION */;
